cause_bucket,movie_key,source_title,target_start_date,target_end_date,statuses,methods,notes,rows,article_title,article_url,raw_cache_path,sample_raw
colon_list_row_or_real_list_title,joblo:US_CA:the-chosen:2024-02-02,The Chosen,2024-02-02,2024-02-04,unmatched,normalized_exact,No movie title matched,1,Box Office Predictions: Argylle set for a mid-teens debut (on a $200 million budget),https://www.joblo.com/box-office-predictions-argylle-set-for-a-mid-teens-debut-on-a-200-million-budget/,data/raw/joblo/d403ebd9872f2ea660f2fd7bdbcd74f95772d54e57caf0dcf5b901f85c9e5ac8.html,The Chosen: $7 million
colon_list_row_or_real_list_title,joblo:US_CA:demon-slayer:2024-02-23,Demon Slayer,2024-02-23,2024-02-25,unmatched,normalized_exact,No movie title matched,1,"Weekend Box Office Predictions: Bob Marley to stay on top, but will Madame Web collapse?",https://www.joblo.com/bob-marley-to-stay-on-top/,data/raw/joblo/06bf98f3ffdf95357f6148c892ca576283d024efe5529fd773e156d8e87c2449.html,2. Demon Slayer: $9.5 million
colon_list_row_or_real_list_title,joblo:US_CA:ordinary-angles:2024-03-01,Ordinary Angles,2024-03-01,2024-03-03,unmatched,normalized_exact,No movie title matched,1,Weekend Box Office Predictions: Dune 2 to double the original film's opening,https://www.joblo.com/weekend-box-office-predictions-dune-2-to-double-the-original-films-opening/,data/raw/joblo/6676a21ddf2240e7da623aedfd293968ccee1a8efd3d959d97f7b1a11111978b.html,Ordinary Angles: $4 million
colon_list_row_or_real_list_title,joblo:US_CA:spy-x-family-code:2024-04-19,Spy x Family Code,2024-04-19,2024-04-21,unmatched,normalized_exact,No movie title matched,1,Box Office Predictions: Radio Silence's Abigail could drain the life from The Ministry of Ungentlemanly Warfare,https://www.joblo.com/box-office-predictions-abigail-april-2024/,data/raw/joblo/df87c3777d97114ea1c21a00eef6041af682e0a83bf7130832de779851887288.html,Spy x Family Code: $6 million
colon_list_row_or_real_list_title,joblo:US_CA:ministry-of-ungentlemanly-warfare:2024-04-26,Ministry of Ungentlemanly Warfare,2024-04-26,2024-04-28,unmatched,normalized_exact,No movie title matched,1,Box Office Predictions: Zendaya to top the charts with Challengers,https://www.joblo.com/zendaya-to-top-the-charts-with-challengers/,data/raw/joblo/f44bc2a48a54fdd424ffa7b7d6c6b377baea84e6fd84f382d432fe697d5ed671.html,Ministry of Ungentlemanly Warfare: $3 million
colon_list_row_or_real_list_title,joblo:US_CA:the-garfield-move:2024-06-14,The Garfield Move,2024-06-14,2024-06-16,unmatched,normalized_exact,No movie title matched,1,Box Office Predictions: Will Inside Out 2 restore Pixar’s box office crown?,https://www.joblo.com/box-office-predictions-inside-out-2/,data/raw/joblo/20c7b861d9d1bb4777c5e85c0901275bf90ba8a9b0cd196bb9992ab9f4c4a71b.html,The Garfield Move: $6 million
colon_list_row_or_real_list_title,joblo:US_CA:horizon:2024-07-05,Horizon,2024-07-05,2024-07-07,unmatched,normalized_exact,No movie title matched,1,Box Office: Despicable Me 4 has the second biggest 4th of July of the franchise,https://www.joblo.com/box-office-fourth-of-july-update-predictions-despicable-me-4-off-to-a-big-start/,data/raw/joblo/1d97c364cb52e40e956dd81387de42ba5963a9e6d653e309aa3f412d53858656.html,Horizon: $5 million
colon_list_row_or_real_list_title,joblo:US_CA:best-christmas-pageant-ever:2024-11-15,Best Christmas Pageant Ever,2024-11-15,2024-11-17,unmatched,normalized_exact,No movie title matched,1,Box Office Predictions: Red One set for one of The Rock's lowest-grossing openings,https://www.joblo.com/box-office-predictions-red-one/,data/raw/joblo/2481485cb98f1117b8e8c5980211cab0000de8983b19f332e16e65f656a32b7a.html,Best Christmas Pageant Ever: $7million
colon_list_row_or_real_list_title,joblo:US_CA:best-christmas-pageant-ever:2024-12-06,Best Christmas Pageant Ever,2024-12-06,2024-12-08,unmatched,normalized_exact,No movie title matched,1,Box Office: Moana and Wicked both break Thanksgiving Day & Black Friday records,https://www.joblo.com/box-office-moana-takes-flight-and-our-predictions-on-the-second-glicked-weekend/,data/raw/joblo/e22547207c81790826905eb4b048214232ec1aef62c1fb8ba8c313b5b626f5a2.html,Best Christmas Pageant Ever: $4.5 million
colon_list_row_or_real_list_title,joblo:US_CA:gladiator-2:2024-12-06,Gladiator 2,2024-12-06,2024-12-08,unmatched,normalized_exact,No movie title matched,1,Box Office: Moana and Wicked both break Thanksgiving Day & Black Friday records,https://www.joblo.com/box-office-moana-takes-flight-and-our-predictions-on-the-second-glicked-weekend/,data/raw/joblo/e22547207c81790826905eb4b048214232ec1aef62c1fb8ba8c313b5b626f5a2.html,Gladiator 2: $27 million
colon_list_row_or_real_list_title,joblo:US_CA:mufasa:2024-12-27,Mufasa,2024-12-27,2024-12-29,unmatched,normalized_exact,No movie title matched,1,Holiday Box Office Update & Predictions: Mufasa and Sonic 3 are (nearly) too close to call for the Holiday weekend,https://www.joblo.com/holiday-box-office-update-predictions/,data/raw/joblo/66fd64d70b223c636d563f98ca8d544f1ee5aaae3682dcbe2f2382711056234f.html,Mufasa: $70 million
colon_list_row_or_real_list_title,joblo:US_CA:moana-2:2025-01-03,Moana 2,2025-01-03,2025-01-05,ambiguous,normalized_exact,Multiple movies share the title,1,New Year's Box Office Update & Weekend Predictions: Nosferatu passes $50 million domestically,https://www.joblo.com/new-years-box-office-update-predictions/,data/raw/joblo/13607356b6d589302eaa9886f31ff85acaae80c0dda6c90b253495c80c0cbd56.html,Moana 2: $10 million
colon_list_row_or_real_list_title,joblo:US_CA:nosferatu:2025-01-03,Nosferatu,2025-01-03,2025-01-05,ambiguous,normalized_exact,Multiple movies share the title,1,New Year's Box Office Update & Weekend Predictions: Nosferatu passes $50 million domestically,https://www.joblo.com/new-years-box-office-update-predictions/,data/raw/joblo/13607356b6d589302eaa9886f31ff85acaae80c0dda6c90b253495c80c0cbd56.html,Nosferatu: $14 million
colon_list_row_or_real_list_title,joblo:US_CA:wicked:2025-01-03,Wicked,2025-01-03,2025-01-05,ambiguous,normalized_exact,Multiple movies share the title,1,New Year's Box Office Update & Weekend Predictions: Nosferatu passes $50 million domestically,https://www.joblo.com/new-years-box-office-update-predictions/,data/raw/joblo/13607356b6d589302eaa9886f31ff85acaae80c0dda6c90b253495c80c0cbd56.html,Wicked: $9 million
colon_list_row_or_real_list_title,joblo:US_CA:moana-2:2025-01-10,Moana 2,2025-01-10,2025-01-12,ambiguous,normalized_exact,Multiple movies share the title,1,Box Office Predictions: Gerard Butler to face off with Mufasa,https://www.joblo.com/gerard-butler-to-face-off-with-mufasa/,data/raw/joblo/156b46aa93a66fef1a66debabd518a808a745b86d1cb6a1b14f64861414ae0e9.html,Moana 2: $7 million
colon_list_row_or_real_list_title,joblo:US_CA:nosferatu:2025-01-10,Nosferatu,2025-01-10,2025-01-12,ambiguous,normalized_exact,Multiple movies share the title,1,Box Office Predictions: Gerard Butler to face off with Mufasa,https://www.joblo.com/gerard-butler-to-face-off-with-mufasa/,data/raw/joblo/156b46aa93a66fef1a66debabd518a808a745b86d1cb6a1b14f64861414ae0e9.html,Nosferatu: $8 million
colon_list_row_or_real_list_title,joblo:US_CA:nosferatu:2025-01-17,Nosferatu,2025-01-17,2025-01-19,ambiguous,normalized_exact,Multiple movies share the title,1,Box Office Predictions: Wolf Man to have a howlingly good opening,https://www.joblo.com/box-office-predictions-wolf-man/,data/raw/joblo/fc0f96ce491b4822ad1ee85f9eed2097fb1339269eb711a92f2af41c3e0566a8.html,Nosferatu: $4 million
colon_list_row_or_real_list_title,joblo:US_CA:snow-white:2025-03-21,Snow White,2025-03-21,2025-03-23,ambiguous,normalized_exact,Multiple movies share the title,1,Box Office Predictions: Snow White & Alto Knights to continue 2025's major slump,https://www.joblo.com/box-office-predictions-snow-white/,data/raw/joblo/efa2c39b1eecba7e1b05a80dfdab58d2b6c06f03821f7394260fe6d7da77dbaf.html,Snow White: $55 million
colon_list_row_or_real_list_title,joblo:US_CA:snow-white:2025-03-28,Snow White,2025-03-28,2025-03-30,ambiguous,normalized_exact,Multiple movies share the title,1,Box Office Predictions: Jason Statham takes on Snow White,https://www.joblo.com/jason-statham-takes-on-snow-white/,data/raw/joblo/dce6f28b9d74770e72aaebef438907c064ee8ae7f265409203ba6c26da50c207.html,Snow White: $20 million
colon_list_row_or_real_list_title,joblo:US_CA:snow-white:2025-04-04,Snow White,2025-04-04,2025-04-06,ambiguous,normalized_exact,Multiple movies share the title,1,Box Office Predictions: Will Minecraft deliver WB a major hit?,https://www.joblo.com/will-minecraft-deliver-wb-a-major-hit/,data/raw/joblo/5bf98b7d3aaf508640b18047e21fca837fd417f18958a3f4e34840d89c02e872.html,Snow White: $6 million
colon_list_row_or_real_list_title,joblo:US_CA:king-of-kings:2025-04-18,King of Kings,2025-04-18,2025-04-20,unmatched,normalized_exact,No movie title matched,1,Box Office Predictions: Sinners to squeak out a win over Minecraft on Easter Weekend?,https://www.joblo.com/box-office-predictions-sinners/,data/raw/joblo/bc67f7c8b2be1eb14227f590d2f510f5a8f6c9cfd3471d0cdc89968e299ff417.html,King of Kings: $12 million
colon_list_row_or_real_list_title,joblo:US_CA:king-of-kings:2025-04-25,King of Kings,2025-04-25,2025-04-27,unmatched,normalized_exact,No movie title matched,1,Box Office Predictions: Sinners should squeeze out a victory over The Accountant 2,https://www.joblo.com/sinners-should-squeeze-out-a-victory/,data/raw/joblo/496a819aa46dc59505e6110169f6176695dd4546e4db6d9ff52715c01ff3e618.html,King of Kings: $10 million
colon_list_row_or_real_list_title,joblo:US_CA:revenge-of-the-sith:2025-04-25,Revenge of the Sith,2025-04-25,2025-04-27,unmatched,normalized_exact,No movie title matched,1,Box Office Predictions: Sinners should squeeze out a victory over The Accountant 2,https://www.joblo.com/sinners-should-squeeze-out-a-victory/,data/raw/joblo/496a819aa46dc59505e6110169f6176695dd4546e4db6d9ff52715c01ff3e618.html,Revenge of the Sith: $18 million
colon_list_row_or_real_list_title,joblo:US_CA:years-later:2025-06-20,Years Later,2025-06-20,2025-06-22,unmatched,normalized_exact,No movie title matched,1,Box Office Predictions: Zombies take on Dragons as Pixar gets left in the dust?,https://www.joblo.com/box-office-predictions-zombies-take-on-dragons-as-pixar-gets-left-in-the-dust/,data/raw/joblo/e925e727fd8a3e56b0ffd93492ca109138e38a076da6c64a49760b2f4dccbb7b.html,28 Years Later: $35 million
colon_list_row_or_real_list_title,joblo:US_CA:f1:2025-07-11,F1,2025-07-11,2025-07-13,ambiguous,normalized_exact,Multiple movies share the title,1,Box Office Predictions: Superman will open with at least $100 million,https://www.joblo.com/box-office-predictions-superman-will-open-with-at-least-100-million/,data/raw/joblo/ac00cfbfb79c73839099aafa4f9c8ea1bee9bda5186284bd67d186ffecd82c66.html,F1: $12 million
colon_list_row_or_real_list_title,joblo:US_CA:gabbys-dollhouse:2025-10-10,Gabby’s Dollhouse,2025-10-10,2025-10-12,unmatched,normalized_exact,No movie title matched,1,Box Office Predictions: Tron Ares to lead the weekend with a so-so opening,https://www.joblo.com/box-office-predictions-tron-ares-to-lead-the-weekend-with-a-so-so-opening/,data/raw/joblo/924d9f364f3c3bb3c3bf68bfd2b663c78d870a302619ee69048c327c19022517.html,Gabby’s Dollhouse: $3 million
colon_list_row_or_real_list_title,joblo:US_CA:the-black-phone-2:2025-10-17,The Black Phone 2,2025-10-17,2025-10-19,unmatched,normalized_exact,No movie title matched,1,Box Office Predictions: The Black Phone 2 should break Blumhouse's cold streak,https://www.joblo.com/box-office-predictions-the-black-phone-2-should-break-blumhouses-cold-streak/,data/raw/joblo/5bed3f906254416bd330981d164bad505cdd44eb4236c9551ee67efd19f67ce6.html,The Black Phone 2: $20 million
colon_list_row_or_real_list_title,joblo:US_CA:the-black-phone-2:2025-10-31,The Black Phone 2,2025-10-31,2025-11-02,unmatched,normalized_exact,No movie title matched,1,Box Office Predictions: Kpop Demon Hunters will lead a (very) slow weekend,https://www.joblo.com/kpop-demon-hunters-will-lead/,data/raw/joblo/43d2298a17d5c2ff43dad962b3aa2b29afab2a7725d3bb4d71d9a1fd6465207c.html,The Black Phone 2: $7 million
colon_list_row_or_real_list_title,joblo:US_CA:the-black-phone-2:2025-11-07,The Black Phone 2,2025-11-07,2025-11-09,unmatched,normalized_exact,No movie title matched,1,Box Office Predictions: Will Predator: Badlands be able to reinvigorate the biz?,https://www.joblo.com/box-office-predictions-will-predator-badlands-be-able-to-reinvigorate-the-biz/,data/raw/joblo/e2c71f962a1b346e9b5fcadd5e50d869bb8e5c5c264a12e412fce0e891610c01.html,The Black Phone 2: $4 million
colon_list_row_or_real_list_title,joblo:US_CA:david:2026-01-02,David,2026-01-02,2026-01-04,ambiguous,normalized_exact,Multiple movies share the title,1,The Stranger Things finale grossed at least $25 million - but Netflix only plans 17 day release window for WB movies?,https://www.joblo.com/the-stranger-things-finale-grossed-at-least-25-million-but-netflix-only-plans-17-day-release-window-for-wb-movies/,data/raw/joblo/a685fc17ca20194a4eb76fc160a0f60f72cbf565a85a9e4314b225bc1460ef69.html,David: $8 million
colon_list_row_or_real_list_title,joblo:US_CA:marty-surpreme:2026-01-02,Marty Surpreme,2026-01-02,2026-01-04,unmatched,normalized_exact,No movie title matched,1,The Stranger Things finale grossed at least $25 million - but Netflix only plans 17 day release window for WB movies?,https://www.joblo.com/the-stranger-things-finale-grossed-at-least-25-million-but-netflix-only-plans-17-day-release-window-for-wb-movies/,data/raw/joblo/a685fc17ca20194a4eb76fc160a0f60f72cbf565a85a9e4314b225bc1460ef69.html,Marty Surpreme: $11 million
colon_list_row_or_real_list_title,joblo:US_CA:zootopia-2:2026-01-02,Zootopia 2,2026-01-02,2026-01-04,ambiguous,normalized_exact,Multiple movies share the title,1,The Stranger Things finale grossed at least $25 million - but Netflix only plans 17 day release window for WB movies?,https://www.joblo.com/the-stranger-things-finale-grossed-at-least-25-million-but-netflix-only-plans-17-day-release-window-for-wb-movies/,data/raw/joblo/a685fc17ca20194a4eb76fc160a0f60f72cbf565a85a9e4314b225bc1460ef69.html,Zootopia 2: $12 million
colon_list_row_or_real_list_title,joblo:US_CA:zootopia-2:2026-01-23,Zootopia 2,2026-01-23,2026-01-25,ambiguous,normalized_exact,Multiple movies share the title,1,Box Office Predictions: Will Chris Pratt's Mercy manage to overtake Avatar 3 or will it fall flat?,https://www.joblo.com/box-office-predictions-mercy/,data/raw/joblo/56a07ed629e154b91fb9e8c4b3d45d847326749e944880d0070b83d39c1da1ef.html,Zootopia 2: $5.5 million
possessive_prose_fragment,joblo:US_CA:sonic-the-hedgehog-2s:2022-04-08,Sonic The Hedgehog 2’s,2022-04-08,2022-04-10,unmatched,normalized_exact,No movie title matched,1,Box Office Predictions: Sonic The Hedgehog 2 set to race ahead of Ambulance & Morbius,https://www.joblo.com/box-office-predictions-sonic-the-hedgehog-2/,data/raw/joblo/240a346c67aa166184674b2fbac8536b53e4bee4d60fa21444c923535344290a.html,Sonic The Hedgehog 2’s 67% fresh score on Rotten Tomatoes and that is something that often isn’t the case with Michael Bay’s movies. Solid reviews might entice those who were on the fence about the film. I think word of mouth could allow Ambulance to gross beyond its opening tracking and that’s why I’m predicting $15 million for the weekend.
possessive_prose_fragment,joblo:US_CA:meg-2-the-trenchs:2023-08-11,Meg 2: The Trench’s,2023-08-11,2023-08-13,unmatched,normalized_exact,No movie title matched,1,Box Office Predictions: New Releases no match for Barbenheimer,https://www.joblo.com/box-office-predictions-new-releases-no-match-for-barbenheimer/,data/raw/joblo/6c3d9da386283923d3789f6c8b66a3837061e0552475273ba68b786b55c8e1a7.html,Meg 2: The Trench’s 28% RT score and 72% audience score (although how it got even that high of an audience score is beyond me!) I would expect Turtles to have a drop off in the 40% range with a $17 million weekend while Meg 2 is looking at an at least 60% drop off and a weekend around $12 million. You can check out Tyler Nichols 8/10 Turtles review here and Chris Bumbray’s 5/10 Meg 2 review here.
possessive_prose_fragment,joblo:US_CA:a-minecraft-movies:2025-11-21,A Minecraft Movie’s,2025-11-21,2025-11-23,unmatched,normalized_exact,No movie title matched,1,Weekend Box Office Predictions: Wicked 2 to dominate all newcomers,https://www.joblo.com/weekend-box-office-predictions-wicked-2-to-dominate-all-newcomers/,data/raw/joblo/3838ea516d5986bae9536e4e5437d98a99ed3fb04aceb80e5fc602bcaa4d6957.html,"A Minecraft Movie’s $162 million. While that’s possible, I also think Wicked: For Good might not have as explosive an opening as anticipated for one important reason — the Thanksgiving holiday is coming up, and a lot of parents are probably waiting to take their kids until the holiday. As such, my guess is that it will make a mighty $140 million, but then post a really slim week-to-week drop-off."
possible_real_title_or_alias,joblo:US_CA:sing-2:2022-04-08,Sing 2,2022-04-08,2022-04-10,ambiguous,normalized_exact,Multiple movies share the title,1,Box Office Predictions: Sonic The Hedgehog 2 set to race ahead of Ambulance & Morbius,https://www.joblo.com/box-office-predictions-sonic-the-hedgehog-2/,data/raw/joblo/240a346c67aa166184674b2fbac8536b53e4bee4d60fa21444c923535344290a.html,"Sing 2 in December. With Spring break also rolling out beginning this weekend, the movie is poised to at least equal the opening success of the first film. The sequel has also grossed $30 million from 31 overseas markets after opening last weekend and 22 more are gearing up in the days ahead. This weekend Sonic will add some domestic dollars to that tally and I predict we’re going to see a $55 million opening from Sonic The Hedgehog 2. I honestly also wouldn’t be surprised if it debuted a bit higher than this prediction."
possible_real_title_or_alias,joblo:US_CA:guardians-of-the-galaxy-vol-2:2022-05-06,Guardians of the Galaxy Vol.2,2022-05-06,2022-05-08,ambiguous,normalized_exact,Multiple movies share the title,1,Box Office Predictions: Doctor Strange & the Multiverse are about to put a lucrative spell on the box office,https://www.joblo.com/doctor-strange-multiverse-box-office-predictions/,data/raw/joblo/6fc51ab74108c0a501b3f45d6c9ed8d8715c6f7be12e6ca785890d6f50e99539.html,Guardians of the Galaxy Vol.2 ($146.5 million opening). Tracking has the Doctor Strange sequel at $150 million+ but I’m predicting an even bigger opening is in the cards.
possible_real_title_or_alias,joblo:US_CA:downton:2022-05-20,Downton,2022-05-20,2022-05-22,unmatched,normalized_exact,No movie title matched,1,Box Office Predictions: Doctor Strange is expected to three-peat at number one while Downton Abbey should see solid counter-programming,https://www.joblo.com/box-office-predictions-doctor-strange-and-downton-abbey/,data/raw/joblo/d56f9834dbc20f38896cc2bcac1297b5fcdb921541c3ddaa99b66acede39e270.html,"Downton sequel has healthy pre-sales for Early Access showings, Thursday previews, and Friday matinees. This shows that the audience is there but we will have to wait and see exactly how frontloaded the film will be throughout the weekend. Reviews are solid at 79% fresh on Rotten Tomatoes which isn’t too far off from the first film’s 84% rating. The movie is also opening at 3,814 locations compared to the first film’s 3,079 locations three years ago. That’s a 24% increase and that could mean that studio is at least expecting an opening close to its predecessors. I’m going to call a $25 million opening for"
possible_real_title_or_alias,joblo:US_CA:jurassic-world-fallen-kingdom:2022-06-24,Jurassic World: Fallen Kingdom,2022-06-24,2022-06-26,ambiguous,normalized_exact,Multiple movies share the title,1,"Box Office Predictions: With the arrival of Elvis & The Black Phone, five films could gross $20M+ this weekend",https://www.joblo.com/box-office-predictions-elvis-the-black-phone/,data/raw/joblo/0664b8f41aa78d55c79af04d4f8b4fa894faa3f9f11dd4579354e36f9d093104.html,"Jurassic World: Fallen Kingdom, which dropped 58.8% in its second weekend. Should Dominion keep up with the close pace of Fallen Kingdom, that would mean another low 50%+ drop to a gross of about $28 million and a third place finish."
possible_real_title_or_alias,joblo:US_CA:get-out:2022-07-22,Get Out,2022-07-22,2022-07-24,ambiguous,normalized_exact,Multiple movies share the title,1,Box Office Predictions: Nope is set to get a resounding YES from moviegoers this weekend,https://www.joblo.com/box-office-predictions-nope/,data/raw/joblo/4f1dfb1cc656c292ee8aeccad03599562adfa2f1d7e5de87a34dce565cb2c467.html,"Get Out and the 93% score for Us, it’s still a solid showing for the genre. This time Peele is blending sci-fi with a bit of horror, and it’s being called his most ambitious effort to date. The budget on Nope is his highest yet at $68 million, but I think moviegoers will come out for Nope because Peele’s name now carries weight in this genre at the box office. Even though I think it will open below Us, my $65 million prediction is still a fantastic start."
possible_real_title_or_alias,joblo:US_CA:super-ball-super-super-hero:2022-08-19,SUPER BALL SUPER: SUPER HERO,2022-08-19,2022-08-21,unmatched,normalized_exact,No movie title matched,1,Weekend Box Office Predictions: Dragon Ball Super and Beast fight for first,https://www.joblo.com/weekend-box-office-predictions/,data/raw/joblo/f2a1e66b691b07ad44edc7525127c44aabcd638181b3fd076976a56c0fe07caa.html,1) SUPER BALL SUPER: SUPER HERO- $14 Million
possible_real_title_or_alias,joblo:US_CA:dog-day-afternoon:2022-08-26,Dog Day Afternoon,2022-08-26,2022-08-28,unmatched,normalized_exact,No movie title matched,1,Weekend Box Office Predictions: The Invitation to lead a slow weekend,https://www.joblo.com/weekend-box-office-predictions-the-invitation-to-lead-a-slow-weekend/,data/raw/joblo/d39b65cf492303c7eb0f6e807ccb68a7b5c2f9cda322bceb20e2d0a422128bad.html,"Dog Day Afternoon while others have said the film lacks focus. Opening on just 900 screens, Breaking has the potential to be a strong word of mouth hit, but I expect it to open soft with around $2 Million in receipts."
possible_real_title_or_alias,joblo:US_CA:kills:2022-10-14,Kills,2022-10-14,2022-10-16,unmatched,normalized_exact,No movie title matched,1,Box Office Predictions: Halloween to End Box Office Drought,https://www.joblo.com/box-office-predictions-halloween-to-end-box-office-drought/,data/raw/joblo/1a0b54dc6e6a894f04bee58c18372035adc531052ae32280be352eb707c44b92.html,"Kills release strategy and releasing day and date on the Peacock streaming service which could potentially cut into its box office. However the good news for this one is: there hasn’t been an opening over $25 million in nearly 3 months (when Jordan Peele’s Nope secured $44.3 million) so any opening north of $50 million for this franchise capper will be nothing but good news for the box office. I think the fact that theaters have been quiet for a while, combined with the Halloween season and the fact that people want to see how this over 40 year old saga ends could bring this one slightly higher with a $55 million opening."
possible_real_title_or_alias,joblo:US_CA:guardians-of-the-galaxy-volume-3:2023-05-12,Guardians of the Galaxy Volume 3,2023-05-12,2023-05-14,unmatched,normalized_exact,No movie title matched,1,Box Office Predictions: Guardians 3 to have a less steep decline than usual in week 2,https://www.joblo.com/box-office-predictions-guardians-3-to-have-a-less-steep-decline-than-usual-in-week-2/,data/raw/joblo/cb68a882a5b2efa7d7eef644a8ecdc3b5e1a81b8b4788268af9e25ba58cff079.html,"Guardians of the Galaxy Volume 3 opened slightly lower than expected, with a $114 million gross. However, since audiences seem to like this movie a lot more than recent Marvel entries, it may have a less steep decline, like"
possible_real_title_or_alias,joblo:US_CA:little-mermaid:2023-06-02,Little Mermaid,2023-06-02,2023-06-04,unmatched,normalized_exact,No movie title matched,1,Box Office Predictions: Spider-Man: Across The Spider-Verse swinging to an Impressive Opening,https://www.joblo.com/box-office-predictions-spider-man-across-the-spider-verse-swinging-to-an-impressive-opening/,data/raw/joblo/13a2012590f6455760c696ef0b0811d81f1373b300f96dc538e71b92af232bbe.html,"Little Mermaid performing pretty strongly, despite the wave of review bombing it saw, the question this weekend will be how well it can sustain that momentum. That is especially important for this film as it appears, contrary to other Disney Live Action remakes, this one will be making the bulk of its gross stateside with the international numbers not to the level of other comparable films. With a $250 million budget before an over $200 million marketing spend, this one, to pull a water pun, is swimming upstream. If the film can maintain in its second weekend, it should be able to hit its break even point, but at this point it appears the film is heading towards a loss, a small one, but a loss nonetheless. The big x-factor here is the fact that the Chinese market seems to have turned their back on"
possible_real_title_or_alias,joblo:US_CA:indy:2023-07-07,Indy,2023-07-07,2023-07-09,unmatched,normalized_exact,No movie title matched,1,Box Office Predictions: Can the demons of Insidious take down Indiana Jones?,https://www.joblo.com/box-office-predictions-can-the-demons-of-insidious-take-down-indiana-jones/,data/raw/joblo/431eaa36d04f777f26bc4c42495a2fd9d7a533ee5d663bafd0367037075753e6.html,"Indy take in its second weekend? With word of mouth as it is, I think this one will dip around 60% which puts it around $24 million, which is about where I predict"
possible_real_title_or_alias,joblo:US_CA:fifth-place-will-likely-go-to-teenage-mutant-ninja-turtles-mutant-mayhem-with-another-9:2023-08-18,Fifth place will likely go to Teenage Mutant Ninja Turtles: Mutant Mayhem with another $9,2023-08-18,2023-08-20,unmatched,normalized_exact,No movie title matched,1,Box Office Predictions: Blue Beetle to narrowly defeat Barbie?,https://www.joblo.com/box-office-predictions-blue-beetle-to-narrowly-defeat-barbie/,data/raw/joblo/75604e6244c705e30875a7d398ca40ba7851446751d9357e6cf4937c934db83e.html,"Fifth place will likely go to Teenage Mutant Ninja Turtles: Mutant Mayhem with another $9-$10 million as the latest, and according to critics: greatest, Turtles film continues its slow burn approach at the box office. With no real animated competition hitting theaters until September 29 when Paw Patrol: The Mighty Movie releases, I think Turtles should have some solid staying power."
possible_real_title_or_alias,joblo:US_CA:fifth-place-is-a-bit-tricky-to-predict-more-than-likely-we-will-see-teenage-mutant-ninja-turtles-mutant-mayhem-continue-its-slow-burn-theatrical-run-with-another-4:2023-08-25,Fifth place is a bit tricky to predict. More than likely we will see Teenage Mutant Ninja Turtles: Mutant Mayhem continue its slow burn theatrical run with another $4,2023-08-25,2023-08-27,unmatched,normalized_exact,No movie title matched,1,Box Office Predictions: Gran Turismo looking at soft opening,https://www.joblo.com/box-office-predictions-gran-turismo-looking-at-soft-opening/,data/raw/joblo/4e5776d40c6147f9bb0ddb02f88998aae746be49ca764695e5329b6202953292.html,"Fifth place is a bit tricky to predict. More than likely we will see Teenage Mutant Ninja Turtles: Mutant Mayhem continue its slow burn theatrical run with another $4-$5 million. However, there are some smaller new releases hitting theaters that could pull in some decent money in this final weekend of the summer movie season. Liam Neeson returns to screens with his latest action film Retribution about a bank executive who receives a bomb threat while driving his children to school saying his car will explode if his children get out of his car. Since having a massive career resurgence in 2009 with Taken making him a genuine action star, his output in recent years has been on the forgettable side with his last starring role in Marlowe only generating $5.7 million worldwide. Retribution will not be the start of the next phase of his career, but I will say the trailer did look intriguing enough."
possible_real_title_or_alias,joblo:US_CA:fourth-place-will-likely-go-to-eventual-best-picture-winner-if-i-had-my-way-oppenheimer-with-another-6:2023-08-25,Fourth place will likely go to eventual Best Picture winner (if I had my way) Oppenheimer with another $6,2023-08-25,2023-08-27,unmatched,normalized_exact,No movie title matched,1,Box Office Predictions: Gran Turismo looking at soft opening,https://www.joblo.com/box-office-predictions-gran-turismo-looking-at-soft-opening/,data/raw/joblo/4e5776d40c6147f9bb0ddb02f88998aae746be49ca764695e5329b6202953292.html,"Fourth place will likely go to eventual Best Picture winner (if I had my way) Oppenheimer with another $6-$8 million bringing its domestic total to right around $300 million. Worldwide the Christopher Nolan title is hovering around $730 million, taking down Interstellar to become the director’s fourth highest grossing movie worldwide after The Dark Knight Rises ($1.08 Billion), The Dark Knight ($1 Billion) and Inception ($837.1 Million)."
possible_real_title_or_alias,joblo:US_CA:the-equalizer-2:2023-09-01,The Equalizer 2,2023-09-01,2023-09-03,ambiguous,normalized_exact,Multiple movies share the title,1,Box Office Predictions: Denzel to blow away competition in The Equalizer 3,https://www.joblo.com/box-office-predictions-denzel-is-back-in-the-equalizer-3/,data/raw/joblo/f09a90092592077d771e892523ece91bcfcbfb0d17bb9185ef4fe710f9988d69.html,"The Equalizer 2, would release in a prime summer slot of July 20 and open in first place with $36 million on its way to a $102 million domestic finish ($190.4 million worldwide). Those numbers are bolstered by the fact that director Antoine Fuqua keeps his budgets down with each film costing between $55- $75 million. Tracking for the film has it opening in the $30 million range and since that is about where the other two opened, that is what I will stick with for its 3-day take."
possible_real_title_or_alias,joblo:US_CA:barbenheimer:2023-10-20,Barbenheimer,2023-10-20,2023-10-22,unmatched,normalized_exact,No movie title matched,1,"Box Office Predictions: Can the power of Scorsese, DeNiro & DiCaprio take down Taylor Swift?",https://www.joblo.com/box-office-predictions-can-the-power-of-scorsese-deniro-dicaprio-take-down-taylor-swift/,data/raw/joblo/71cb1199195cd76e1aecddf7fb9b2681526b521c34309513d98a0d60e4b4d93b.html,"Barbenheimer craze which saw it open to over $82 million domestic (as well as being, for my money, one of the best films of not just this year, but of all time). Right now Killers is tracking to open in the $20-$25 million range. Normally an opening in that range for a movie that cost $200 million to produce before marketing would be cause for alarm, but Apple knew what they were doing when they financed this films. They spent that money for a streaming movie that they are taking theatrical out of respect for the people involved (also so that it can qualify for Awards season, where the streamer has had success in the past when it won several awards, including Best Picture, for its excellent Coda just a few years ago)."
possible_real_title_or_alias,joblo:US_CA:eras-tour:2023-10-20,Eras Tour,2023-10-20,2023-10-22,unmatched,normalized_exact,No movie title matched,1,"Box Office Predictions: Can the power of Scorsese, DeNiro & DiCaprio take down Taylor Swift?",https://www.joblo.com/box-office-predictions-can-the-power-of-scorsese-deniro-dicaprio-take-down-taylor-swift/,data/raw/joblo/71cb1199195cd76e1aecddf7fb9b2681526b521c34309513d98a0d60e4b4d93b.html,"Eras Tour movie goes into its second week after securing a $92.8 million domestic opening ($3.2 million shy of what distributor AMC reported on Sunday, allowing Joker to keep a healthy first place finish for the October opening record). The question is how front loaded was this movie? Right now, tracking has this one losing about 60-70% of its audience which would put it around the $29 million mark. Judging from my local theater, last week nearly all shows were completely sold out, this week I am only noticing a few prime time slots filling up, but the majority of the showtimes seem to be fairly empty."
possible_real_title_or_alias,joblo:US_CA:grindhouse:2023-11-17,Grindhouse,2023-11-17,2023-11-19,unmatched,normalized_exact,No movie title matched,1,Box Office Predictions: The Hunger Games Prequel to lead the pack,https://www.joblo.com/box-office-predictions-the-hunger-games-prequel-to-lead-the-pack/,data/raw/joblo/9a0fd8a9004832757e25d810f927634b273e563c8edb9dbb696f7050a8369992.html,"Grindhouse. The idea must have festered in Roth’s head and now 16 years later, we finally get the feature length version starring the newly minted Sexiest Man Alive: Patrick Dempsey. Genre fans should propel this one to a low to mid teens opening which may seem low, until you realize the budget on this one is just $15 million."
possible_real_title_or_alias,joblo:US_CA:the-chosen-s4-eps-4-6:2024-02-16,The Chosen: S4 Eps 4-6,2024-02-16,2024-02-18,unmatched,normalized_exact,No movie title matched,1,Weekend Box Office Predictions: Will Madame Web be another box office flop?,https://www.joblo.com/weekend-box-office-predictions-madame-web/,data/raw/joblo/494b1a0628a18eea79bb04fe9c14545dceba61eb2d544238a669dcb14d790d00.html,The Chosen: S4 Eps 4-6: $6 million
possible_real_title_or_alias,joblo:US_CA:star-wars-the-phantom-menace-re-release:2024-05-03,Star Wars: The Phantom Menace (re-release),2024-05-03,2024-05-05,unmatched,normalized_exact,No movie title matched,1,Box Office Predictions: Will the summer movie season kick off with a whimper or a bang?,https://www.joblo.com/box-office-predictions-the-fall-guy/,data/raw/joblo/6c287c7dce3bbe9d9152f1c78c26bd654c3932f40a3f8d0d0ef95c9a9f91c8a9.html,Star Wars: The Phantom Menace (re-release): $4 million
possible_real_title_or_alias,joblo:US_CA:horizon-part-one:2024-06-28,Horizon: Part One,2024-06-28,2024-06-30,unmatched,normalized_exact,No movie title matched,1,Box Office Predictions: Will A Quiet Place top Inside Out 2?,https://www.joblo.com/will-a-quiet-place-top-inside-out-2/,data/raw/joblo/e0c417c73ae2288ca64d7d9031f8fa527dce4461550ec8311cfc3577e39c8f38.html,Horizon: Part One: $12 million
possible_real_title_or_alias,joblo:US_CA:the-chosen-the-last-supper-2:2025-04-04,The Chosen: The Last Supper 2,2025-04-04,2025-04-06,unmatched,normalized_exact,No movie title matched,1,Box Office Predictions: Will Minecraft deliver WB a major hit?,https://www.joblo.com/will-minecraft-deliver-wb-a-major-hit/,data/raw/joblo/5bf98b7d3aaf508640b18047e21fca837fd417f18958a3f4e34840d89c02e872.html,The Chosen: The Last Supper 2: $11 million
possible_real_title_or_alias,joblo:US_CA:mission-impossible-the-final-reckoning:2025-05-23,Mission: Impossible – The Final Reckoning,2025-05-23,2025-05-25,ambiguous,normalized_exact,Multiple movies share the title,1,Box Office Predictions: Lilo & Stitch will top The Final Reckoning over Memorial Day,https://www.joblo.com/box-office-predictions-lilo-stitch-will-top-the-final-reckoning-over-memorial-day/,data/raw/joblo/71afa8f9fadd96fa48800f384040fff0f31ad682ab53fa45eb2faee10108cf67.html,Mission: Impossible – The Final Reckoning: $60 million
possible_real_title_or_alias,joblo:US_CA:mission-impossible-the-final-reckoning:2025-05-30,Mission: Impossible – The Final Reckoning,2025-05-30,2025-06-01,ambiguous,normalized_exact,Multiple movies share the title,1,Box Office Predictions: Lilo & Stitch and Tom Cruise should win another weekend,https://www.joblo.com/box-office-preview-lilo-stitch-and-tom-cruise-should-win-another-weekend/,data/raw/joblo/30eab1fb21fb1a708e5e4be5b19663ae8dcb671be2b4f687055d95bb36373d3a.html,Mission: Impossible – The Final Reckoning: $30 million
possible_real_title_or_alias,joblo:US_CA:mission-impossible-the-final-reckoning:2025-06-13,Mission: Impossible – The Final Reckoning,2025-06-13,2025-06-15,ambiguous,normalized_exact,Multiple movies share the title,1,Box Office Predictions: How to Train Your Dragon will soar high above the competition,https://www.joblo.com/box-office-predictions-how-to-train-your-dragon-will-soar-high-above-the-competition/,data/raw/joblo/422f9a08038ab22d81c19d85dabbd1e352068b56d46451400466b5bd9bc43c30.html,Mission: Impossible – The Final Reckoning: $8 million
possible_real_title_or_alias,joblo:US_CA:jurassic-park-iii:2025-07-04,Jurassic Park III,2025-07-04,2025-07-06,unmatched,normalized_exact,No movie title matched,1,"Box Office Predictions: Jurassic World: Rebirth will underwhelm, but still easily top the holiday weekend",https://www.joblo.com/box-office-predictions-jurassic-world-rebirth-will-underwhelm-but-still-easily-top-the-holiday-weekend/,data/raw/joblo/21e905588fd566c65ee359999ff7b7185bec2b30d376a94a91ab41445d47c994.html,"Jurassic Park III made $50.8 million back in 2001. Adjusted for inflation, even that would be more than Rebirth is expected to bring in."
possible_real_title_or_alias,joblo:US_CA:jurassic-park-rebirth:2025-07-25,Jurassic Park: Rebirth,2025-07-25,2025-07-27,unmatched,normalized_exact,No movie title matched,1,Box Office Predictions: Will Fantastic Four have a bigger first weekend than Superman?,https://www.joblo.com/box-office-predictions-fantastic-four/,data/raw/joblo/ed7f97888c3ceaa634ac6743f935482b2b8df54dc5567e28f6b3f02c1919a988.html,"Jurassic Park: Rebirth is expected to follow closely with a $12 million weekend, keeping it on track for a $300 million final gross."
possible_real_title_or_alias,joblo:US_CA:fantastic-four-first-steps:2025-08-08,Fantastic Four: First Steps,2025-08-08,2025-08-10,unmatched,normalized_exact,No movie title matched,1,Box Office Predictions: Will both Freakier Friday and Weapons dethrone Fantastic Four?,https://www.joblo.com/freakier-friday-and-weapons/,data/raw/joblo/65dea393dd38eeea72b8ff0c8d7450fa265d711614ef57846e0b1d3569c3f263.html,Fantastic Four: First Steps: $18 million
possible_real_title_or_alias,joblo:US_CA:fantastic-four-first-steps:2025-08-22,Fantastic Four: First Steps,2025-08-22,2025-08-24,unmatched,normalized_exact,No movie title matched,1,Box Office Predictions: Weapons will easily top a sleepy weekend,https://www.joblo.com/box-office-predictions-weapons-will-easily-top-a-sleepy-weekend/,data/raw/joblo/702ba9d5a3d93b9996f4325dd56e925a4691ce1326e8b253bfe7b3881419225c.html,Fantastic Four: First Steps: $4.5
possible_real_title_or_alias,joblo:US_CA:the-war-of-the-roses:2025-09-05,The War of the Roses,2025-09-05,2025-09-07,unmatched,normalized_exact,No movie title matched,1,Box Office Predictions: The Conjuring: Last Rites to exorcise the top spot as Weapons continues to run free,https://www.joblo.com/the-conjuring-last-rites-box-office-predictions/,data/raw/joblo/7bd43140db9deb4b2b4dec02620fcf0a111079f7b681b69321ce2cdad333360d.html,"The War of the Roses, could pluck another $2 million from audiences, adding to the film’s $18.8M global take."
possible_real_title_or_alias,joblo:US_CA:chainsaw-man-the-movie:2025-10-24,Chainsaw Man: The Movie,2025-10-24,2025-10-26,unmatched,normalized_exact,No movie title matched,1,Box Office Predictions: The Boss takes on Chainsaw Man and Colleen Hoover,https://www.joblo.com/box-office-predictions-the-boss-takes-on-chainsaw-man-and-colleen-hoover/,data/raw/joblo/a47b3525e0425286768881b6503d2bea3acf23041e6af0139e8016cd6f1da198.html,"Chainsaw Man: The Movie. Don’t expect it to have the same kind of smash opening, but it should still manage a debut north of $10 million, which would be a great number for the studio."
possible_real_title_or_alias,joblo:US_CA:the-black-phone-2:2025-10-24,The Black Phone 2,2025-10-24,2025-10-26,unmatched,normalized_exact,No movie title matched,1,Box Office Predictions: The Boss takes on Chainsaw Man and Colleen Hoover,https://www.joblo.com/box-office-predictions-the-boss-takes-on-chainsaw-man-and-colleen-hoover/,data/raw/joblo/a47b3525e0425286768881b6503d2bea3acf23041e6af0139e8016cd6f1da198.html,"The Black Phone 2. This should make it his third, with a projected $20 million opening. Poor reviews, however, will likely keep it from catching on the way"
possible_real_title_or_alias,joblo:US_CA:chainsaw-man-the-movie:2025-10-31,Chainsaw Man: The Movie,2025-10-31,2025-11-02,unmatched,normalized_exact,No movie title matched,1,Box Office Predictions: Kpop Demon Hunters will lead a (very) slow weekend,https://www.joblo.com/kpop-demon-hunters-will-lead/,data/raw/joblo/43d2298a17d5c2ff43dad962b3aa2b29afab2a7725d3bb4d71d9a1fd6465207c.html,Chainsaw Man: The Movie: $6 million
possible_real_title_or_alias,joblo:US_CA:fire-and-ash:2025-12-26,Fire and Ash,2025-12-26,2025-12-28,unmatched,normalized_exact,No movie title matched,1,Avatar: Fire and Ash already starting to rebound at the box office,https://www.joblo.com/avatar-fire-and-ash-already-starting-to-rebound-at-the-box-office/,data/raw/joblo/164bd8e2cdfc8b25f7aea0077007c3402623fcf3b732008f58d9fc88151afd07.html,"Fire and Ash adds another $50–60 million in the following week, it could exit the holiday corridor with a domestic total near $300 million—a very solid outcome by any metric. Considering how little competition it has in January, a $400-450 final gross seems likely."
possible_real_title_or_alias,joblo:US_CA:ready-or-not-here-i-come:2026-03-27,Ready or Not: Here I Come,2026-03-27,2026-03-29,unmatched,normalized_exact,No movie title matched,1,Box Office Predictions: Project Hail Mary has an easy path to number 1,https://www.joblo.com/box-office-predictions-project-hail-mary/,data/raw/joblo/a71e749b7f9b250c1a31c606646af22d246f82b5f6daed271749b0dd7f799f93.html,Ready or Not: Here I Come: $5 million
prose_fragment,joblo:US_CA:fourth-of-july-weekend:2022-07-15,"Fourth of July weekend,",2022-07-15,2022-07-17,unmatched,normalized_exact,No movie title matched,1,Box Office Predictions: Thor: Love and Thunder will maintain the top spot as two newcomers offer up counter-programming,https://www.joblo.com/box-office-predictions-thor-love-and-thunder-counter-programming/,data/raw/joblo/7e1adc2551ab5e5b00c07d53034772f3497363672af034fad3fee6f7789a2724.html,"Fourth of July weekend, and even with the arrival of another animated film (Paws of Fury: The Legend of Hank), I think kids and families will continue to make this their top animated option. I’m predicting $25 million for the third weekend of"
prose_fragment,joblo:US_CA:so-now-on-to-the-second-of-our-barbenheimer-films-christopher-nolans-r-rated-3-hour-opus-about-j-robert-oppenheimer-a-man-many-deem-the-most-important-figure-in-the-history-of-the-world-what-makes-this-barbenheimer-phenomenon-so-unique-is-that-many-people-are-taking-the-opportunity-to-see-these-opposing-films-on-the-same-day-amc-currently-reports-that-over-40-000-movie-goers-have-purchased-tickets-for-both-films-on-the-same-day-with-the-national-association-of-theatre-owners-saying-that-over-200-thousand-audience-members-have-purchased-same-day-tickets-for-both-films-right-now-oppenheimer-is-tracking-for-a-50-million-opening-which-with-the-exception-of-the-covid-release-of-tenet-is-right-around-where-all-of-nolans-post-dark-knight-trilogy-films-open-inception-62-7-million-interstellar:2023-07-21,"So now on to the second of our Barbenheimer films, Christopher Nolan’s R rated 3-hour opus about J. Robert Oppenheimer, a man many deem the most important figure in the history of the world. What makes this Barbenheimer phenomenon so unique is that many people are taking the opportunity to see these opposing films on the same day. AMC currently reports that over 40,000 movie goers have purchased tickets for both films on the same day with the National Association of Theatre Owners saying that over 200 thousand audience members have purchased same day tickets for both films. Right now Oppenheimer is tracking for a $50 million opening, which, with the exception of the covid release of Tenet, is right around where all of Nolan’s post Dark Knight Trilogy films open (Inception: 62.7 million; Interstellar",2023-07-21,2023-07-23,unmatched,normalized_exact,No movie title matched,1,Box Office Predictions: Barbenheimer is upon us!,https://www.joblo.com/box-office-predictions-barbenheimer-is-upon-us/,data/raw/joblo/81a4da4fb06b46edcea13711e7fa037fcd49c6b48ec3f18792de0af86ba8b327.html,"So now on to the second of our Barbenheimer films, Christopher Nolan’s R rated 3-hour opus about J. Robert Oppenheimer, a man many deem the most important figure in the history of the world. What makes this Barbenheimer phenomenon so unique is that many people are taking the opportunity to see these opposing films on the same day. AMC currently reports that over 40,000 movie goers have purchased tickets for both films on the same day with the National Association of Theatre Owners saying that over 200 thousand audience members have purchased same day tickets for both films. Right now Oppenheimer is tracking for a $50 million opening, which, with the exception of the covid release of Tenet, is right around where all of Nolan’s post Dark Knight Trilogy films open (Inception: 62.7 million; Interstellar: $47.5 million; Dunkirk: $50.5 million.) The good news for Oppenheimer is that even if it opens at that $50 million range (which I’m going to say the film can get to $60 million, the anticipation and solid reviews for this one, including an 8/10 from our own Eric Walkuski, are enough to overcome its lengthy run time) Nolan films tend to have legs as they are geared more towards an audience that doesn’t always rush out to the theaters on opening weekend. This could also be a film that plays much like Avatar: The Way of Water where audiences are willing to wait it out to make sure they get the optimal seats in the biggest theaters. I have my ticket ready to go for tonight’s 5pm showing, I am even driving an hour out of my way to see it in a true 70mm screening!"
typo_or_truncated_title,joblo:US_CA:avatar-fire-and-ice:2026-01-02,Avatar: Fire and Ice,2026-01-02,2026-01-04,unmatched,normalized_exact,No movie title matched,1,The Stranger Things finale grossed at least $25 million - but Netflix only plans 17 day release window for WB movies?,https://www.joblo.com/the-stranger-things-finale-grossed-at-least-25-million-but-netflix-only-plans-17-day-release-window-for-wb-movies/,data/raw/joblo/a685fc17ca20194a4eb76fc160a0f60f72cbf565a85a9e4314b225bc1460ef69.html,Avatar: Fire and Ice: $50 million
typo_or_truncated_title,joblo:US_CA:years-later-the-bone-temple:2026-01-23,Years Later: The Bone Temple,2026-01-23,2026-01-25,unmatched,normalized_exact,No movie title matched,1,Box Office Predictions: Will Chris Pratt's Mercy manage to overtake Avatar 3 or will it fall flat?,https://www.joblo.com/box-office-predictions-mercy/,data/raw/joblo/56a07ed629e154b91fb9e8c4b3d45d847326749e944880d0070b83d39c1da1ef.html,28 Years Later: The Bone Temple: $7 million
