sample_key,regime,forecast_origin,target_day,feature_quality_bucket,n_residual_rows,n_unique_movie_days,n_unique_release_weekends,full_hi80_multiplier,full_hi95_multiplier,omitted_movie_day,omitted_movie_id,omitted_exhibition_date,loo_hi80_multiplier,loo_hi95_multiplier
top_hybrid_30,live_friday,12:00,Friday,low,20,20,20,1.5414679300092178,5.196766294760397,143.0|2026-07-03,143.0,2026-07-03,0.4651265625878061,5.000075717727126
top_hybrid_30,live_friday,12:00,Friday,low,20,20,20,1.5414679300092178,5.196766294760397,2474.0|2026-07-03,2474.0,2026-07-03,1.9504863313072343,5.196766294760397
top_hybrid_30,live_friday,12:00,Friday,low,20,20,20,1.5414679300092178,5.196766294760397,2476.0|2026-07-03,2476.0,2026-07-03,1.9504863313072343,5.196766294760397
top_hybrid_30,live_friday,12:00,Friday,low,20,20,20,1.5414679300092178,5.196766294760397,2477.0|2026-07-03,2477.0,2026-07-03,1.9504863313072343,5.196766294760397
top_hybrid_30,live_friday,12:00,Friday,low,20,20,20,1.5414679300092178,5.196766294760397,2478.0|2026-07-03,2478.0,2026-07-03,1.9504863313072343,5.196766294760397
top_hybrid_30,live_friday,12:00,Friday,low,20,20,20,1.5414679300092178,5.196766294760397,2482.0|2026-07-03,2482.0,2026-07-03,1.9504863313072343,5.196766294760397
top_hybrid_30,live_friday,12:00,Friday,low,20,20,20,1.5414679300092178,5.196766294760397,2483.0|2026-07-03,2483.0,2026-07-03,1.9504863313072343,5.196766294760397
top_hybrid_30,live_friday,12:00,Friday,low,20,20,20,1.5414679300092178,5.196766294760397,2484.0|2026-07-03,2484.0,2026-07-03,1.9504863313072343,5.196766294760397
top_hybrid_30,live_friday,12:00,Friday,low,20,20,20,1.5414679300092178,5.196766294760397,2485.0|2026-07-03,2485.0,2026-07-03,1.9504863313072343,5.196766294760397
top_hybrid_30,live_friday,12:00,Friday,low,20,20,20,1.5414679300092178,5.196766294760397,2486.0|2026-07-03,2486.0,2026-07-03,1.9504863313072343,5.196766294760397
top_hybrid_30,live_friday,12:00,Friday,low,20,20,20,1.5414679300092178,5.196766294760397,2487.0|2026-07-03,2487.0,2026-07-03,1.9504863313072343,5.196766294760397
top_hybrid_30,live_friday,12:00,Friday,low,20,20,20,1.5414679300092178,5.196766294760397,2489.0|2026-07-03,2489.0,2026-07-03,1.9090690937011214,5.196766294760397
top_hybrid_30,live_friday,12:00,Friday,low,20,20,20,1.5414679300092178,5.196766294760397,2495.0|2026-07-03,2495.0,2026-07-03,1.9504863313072343,5.196766294760397
top_hybrid_30,live_friday,12:00,Friday,low,20,20,20,1.5414679300092178,5.196766294760397,2496.0|2026-07-03,2496.0,2026-07-03,0.4651265625878061,5.196766294760397
top_hybrid_30,live_friday,12:00,Friday,low,20,20,20,1.5414679300092178,5.196766294760397,2497.0|2026-07-03,2497.0,2026-07-03,1.9504863313072343,5.196766294760397
top_hybrid_30,live_friday,12:00,Friday,low,20,20,20,1.5414679300092178,5.196766294760397,2499.0|2026-07-03,2499.0,2026-07-03,1.9504863313072343,5.196766294760397
top_hybrid_30,live_friday,12:00,Friday,low,20,20,20,1.5414679300092178,5.196766294760397,2501.0|2026-07-03,2501.0,2026-07-03,1.9504863313072343,5.196766294760397
top_hybrid_30,live_friday,12:00,Friday,low,20,20,20,1.5414679300092178,5.196766294760397,2503.0|2026-07-03,2503.0,2026-07-03,1.9504863313072343,5.196766294760397
top_hybrid_30,live_friday,12:00,Friday,low,20,20,20,1.5414679300092178,5.196766294760397,369.0|2026-07-03,369.0,2026-07-03,1.9504863313072343,5.196766294760397
top_hybrid_30,live_friday,12:00,Friday,low,20,20,20,1.5414679300092178,5.196766294760397,371.0|2026-07-03,371.0,2026-07-03,1.9504863313072343,5.196766294760397
top_hybrid_30,live_friday,14:00,Friday,low,18,18,18,4.942507622868352,12.501197583687466,143.0|2026-07-03,143.0,2026-07-03,0.6396554916991015,11.766181525381583
top_hybrid_30,live_friday,14:00,Friday,low,18,18,18,4.942507622868352,12.501197583687466,2477.0|2026-07-03,2477.0,2026-07-03,6.599485514699392,12.501197583687466
top_hybrid_30,live_friday,14:00,Friday,low,18,18,18,4.942507622868352,12.501197583687466,2478.0|2026-07-03,2478.0,2026-07-03,6.599485514699392,12.501197583687466
top_hybrid_30,live_friday,14:00,Friday,low,18,18,18,4.942507622868352,12.501197583687466,2482.0|2026-07-03,2482.0,2026-07-03,6.599485514699392,12.501197583687466
top_hybrid_30,live_friday,14:00,Friday,low,18,18,18,4.942507622868352,12.501197583687466,2483.0|2026-07-03,2483.0,2026-07-03,6.599485514699392,12.501197583687466
top_hybrid_30,live_friday,14:00,Friday,low,18,18,18,4.942507622868352,12.501197583687466,2484.0|2026-07-03,2484.0,2026-07-03,6.599485514699392,12.501197583687466
top_hybrid_30,live_friday,14:00,Friday,low,18,18,18,4.942507622868352,12.501197583687466,2485.0|2026-07-03,2485.0,2026-07-03,6.599485514699392,12.501197583687466
top_hybrid_30,live_friday,14:00,Friday,low,18,18,18,4.942507622868352,12.501197583687466,2486.0|2026-07-03,2486.0,2026-07-03,6.599485514699392,12.501197583687466
top_hybrid_30,live_friday,14:00,Friday,low,18,18,18,4.942507622868352,12.501197583687466,2487.0|2026-07-03,2487.0,2026-07-03,6.599485514699392,12.501197583687466
top_hybrid_30,live_friday,14:00,Friday,low,18,18,18,4.942507622868352,12.501197583687466,2489.0|2026-07-03,2489.0,2026-07-03,6.4632058780729595,12.501197583687466
top_hybrid_30,live_friday,14:00,Friday,low,18,18,18,4.942507622868352,12.501197583687466,2495.0|2026-07-03,2495.0,2026-07-03,6.599485514699392,12.501197583687466
top_hybrid_30,live_friday,14:00,Friday,low,18,18,18,4.942507622868352,12.501197583687466,2496.0|2026-07-03,2496.0,2026-07-03,0.6396554916991015,12.501197583687466
top_hybrid_30,live_friday,14:00,Friday,low,18,18,18,4.942507622868352,12.501197583687466,2497.0|2026-07-03,2497.0,2026-07-03,6.599485514699392,12.501197583687466
top_hybrid_30,live_friday,14:00,Friday,low,18,18,18,4.942507622868352,12.501197583687466,2499.0|2026-07-03,2499.0,2026-07-03,6.599485514699392,12.501197583687466
top_hybrid_30,live_friday,14:00,Friday,low,18,18,18,4.942507622868352,12.501197583687466,2501.0|2026-07-03,2501.0,2026-07-03,6.599485514699392,12.501197583687466
top_hybrid_30,live_friday,14:00,Friday,low,18,18,18,4.942507622868352,12.501197583687466,2503.0|2026-07-03,2503.0,2026-07-03,6.599485514699392,12.501197583687466
top_hybrid_30,live_friday,14:00,Friday,low,18,18,18,4.942507622868352,12.501197583687466,369.0|2026-07-03,369.0,2026-07-03,6.599485514699392,12.501197583687466
top_hybrid_30,live_friday,14:00,Friday,low,18,18,18,4.942507622868352,12.501197583687466,371.0|2026-07-03,371.0,2026-07-03,6.599485514699392,12.501197583687466
top_hybrid_30,live_friday,14:00,Friday,medium,2,2,2,0.23239437989318543,0.23239437989318543,2474.0|2026-07-03,2474.0,2026-07-03,0.12952363105267822,0.12952363105267822
top_hybrid_30,live_friday,14:00,Friday,medium,2,2,2,0.23239437989318543,0.23239437989318543,2476.0|2026-07-03,2476.0,2026-07-03,0.23239437989318543,0.23239437989318543
top_hybrid_30,live_friday,16:00,Friday,low,18,18,18,9.39969277982243,24.34763579357926,143.0|2026-07-03,143.0,2026-07-03,1.2477723520936683,22.1345613761909
top_hybrid_30,live_friday,16:00,Friday,low,18,18,18,9.39969277982243,24.34763579357926,2477.0|2026-07-03,2477.0,2026-07-03,12.505452558465418,24.34763579357926
top_hybrid_30,live_friday,16:00,Friday,low,18,18,18,9.39969277982243,24.34763579357926,2478.0|2026-07-03,2478.0,2026-07-03,12.505452558465418,24.34763579357926
top_hybrid_30,live_friday,16:00,Friday,low,18,18,18,9.39969277982243,24.34763579357926,2482.0|2026-07-03,2482.0,2026-07-03,12.505452558465418,24.34763579357926
top_hybrid_30,live_friday,16:00,Friday,low,18,18,18,9.39969277982243,24.34763579357926,2483.0|2026-07-03,2483.0,2026-07-03,12.505452558465418,24.34763579357926
top_hybrid_30,live_friday,16:00,Friday,low,18,18,18,9.39969277982243,24.34763579357926,2484.0|2026-07-03,2484.0,2026-07-03,12.505452558465418,24.34763579357926
top_hybrid_30,live_friday,16:00,Friday,low,18,18,18,9.39969277982243,24.34763579357926,2485.0|2026-07-03,2485.0,2026-07-03,12.505452558465418,24.34763579357926
top_hybrid_30,live_friday,16:00,Friday,low,18,18,18,9.39969277982243,24.34763579357926,2486.0|2026-07-03,2486.0,2026-07-03,12.505452558465418,24.34763579357926
top_hybrid_30,live_friday,16:00,Friday,low,18,18,18,9.39969277982243,24.34763579357926,2487.0|2026-07-03,2487.0,2026-07-03,12.505452558465418,24.34763579357926
top_hybrid_30,live_friday,16:00,Friday,low,18,18,18,9.39969277982243,24.34763579357926,2489.0|2026-07-03,2489.0,2026-07-03,12.246765094272925,24.34763579357926
top_hybrid_30,live_friday,16:00,Friday,low,18,18,18,9.39969277982243,24.34763579357926,2495.0|2026-07-03,2495.0,2026-07-03,12.505452558465418,24.34763579357926
top_hybrid_30,live_friday,16:00,Friday,low,18,18,18,9.39969277982243,24.34763579357926,2496.0|2026-07-03,2496.0,2026-07-03,1.2477723520936683,24.34763579357926
top_hybrid_30,live_friday,16:00,Friday,low,18,18,18,9.39969277982243,24.34763579357926,2497.0|2026-07-03,2497.0,2026-07-03,12.505452558465418,24.34763579357926
top_hybrid_30,live_friday,16:00,Friday,low,18,18,18,9.39969277982243,24.34763579357926,2499.0|2026-07-03,2499.0,2026-07-03,12.505452558465418,24.34763579357926
top_hybrid_30,live_friday,16:00,Friday,low,18,18,18,9.39969277982243,24.34763579357926,2501.0|2026-07-03,2501.0,2026-07-03,12.505452558465418,24.34763579357926
top_hybrid_30,live_friday,16:00,Friday,low,18,18,18,9.39969277982243,24.34763579357926,2503.0|2026-07-03,2503.0,2026-07-03,12.505452558465418,24.34763579357926
top_hybrid_30,live_friday,16:00,Friday,low,18,18,18,9.39969277982243,24.34763579357926,369.0|2026-07-03,369.0,2026-07-03,12.505452558465418,24.34763579357926
top_hybrid_30,live_friday,16:00,Friday,low,18,18,18,9.39969277982243,24.34763579357926,371.0|2026-07-03,371.0,2026-07-03,12.505452558465418,24.34763579357926
top_hybrid_30,live_friday,16:00,Friday,medium,2,2,2,0.45232009386973704,0.45232009386973704,2474.0|2026-07-03,2474.0,2026-07-03,0.2525807174600053,0.2525807174600053
top_hybrid_30,live_friday,16:00,Friday,medium,2,2,2,0.45232009386973704,0.45232009386973704,2476.0|2026-07-03,2476.0,2026-07-03,0.45232009386973704,0.45232009386973704
top_hybrid_30,live_friday,18:00,Friday,low,18,18,18,19.161450140852523,52.34025234279502,143.0|2026-07-03,143.0,2026-07-03,2.6923719237200134,44.03420262150806
top_hybrid_30,live_friday,18:00,Friday,low,18,18,18,19.161450140852523,52.34025234279502,2477.0|2026-07-03,2477.0,2026-07-03,25.286125812017662,52.34025234279502
top_hybrid_30,live_friday,18:00,Friday,low,18,18,18,19.161450140852523,52.34025234279502,2478.0|2026-07-03,2478.0,2026-07-03,25.286125812017662,52.34025234279502
top_hybrid_30,live_friday,18:00,Friday,low,18,18,18,19.161450140852523,52.34025234279502,2482.0|2026-07-03,2482.0,2026-07-03,25.286125812017662,52.34025234279502
top_hybrid_30,live_friday,18:00,Friday,low,18,18,18,19.161450140852523,52.34025234279502,2483.0|2026-07-03,2483.0,2026-07-03,25.286125812017662,52.34025234279502
top_hybrid_30,live_friday,18:00,Friday,low,18,18,18,19.161450140852523,52.34025234279502,2484.0|2026-07-03,2484.0,2026-07-03,25.286125812017662,52.34025234279502
top_hybrid_30,live_friday,18:00,Friday,low,18,18,18,19.161450140852523,52.34025234279502,2485.0|2026-07-03,2485.0,2026-07-03,25.286125812017662,52.34025234279502
top_hybrid_30,live_friday,18:00,Friday,low,18,18,18,19.161450140852523,52.34025234279502,2486.0|2026-07-03,2486.0,2026-07-03,25.286125812017662,52.34025234279502
top_hybrid_30,live_friday,18:00,Friday,low,18,18,18,19.161450140852523,52.34025234279502,2487.0|2026-07-03,2487.0,2026-07-03,25.286125812017662,52.34025234279502
top_hybrid_30,live_friday,18:00,Friday,low,18,18,18,19.161450140852523,52.34025234279502,2489.0|2026-07-03,2489.0,2026-07-03,24.760899710414158,52.34025234279502
top_hybrid_30,live_friday,18:00,Friday,low,18,18,18,19.161450140852523,52.34025234279502,2495.0|2026-07-03,2495.0,2026-07-03,25.286125812017662,52.34025234279502
top_hybrid_30,live_friday,18:00,Friday,low,18,18,18,19.161450140852523,52.34025234279502,2496.0|2026-07-03,2496.0,2026-07-03,2.6923719237200134,52.34025234279502
top_hybrid_30,live_friday,18:00,Friday,low,18,18,18,19.161450140852523,52.34025234279502,2497.0|2026-07-03,2497.0,2026-07-03,25.286125812017662,52.34025234279502
top_hybrid_30,live_friday,18:00,Friday,low,18,18,18,19.161450140852523,52.34025234279502,2499.0|2026-07-03,2499.0,2026-07-03,25.286125812017662,52.34025234279502
top_hybrid_30,live_friday,18:00,Friday,low,18,18,18,19.161450140852523,52.34025234279502,2501.0|2026-07-03,2501.0,2026-07-03,25.286125812017662,52.34025234279502
top_hybrid_30,live_friday,18:00,Friday,low,18,18,18,19.161450140852523,52.34025234279502,2503.0|2026-07-03,2503.0,2026-07-03,25.286125812017662,52.34025234279502
top_hybrid_30,live_friday,18:00,Friday,low,18,18,18,19.161450140852523,52.34025234279502,369.0|2026-07-03,369.0,2026-07-03,25.286125812017662,52.34025234279502
top_hybrid_30,live_friday,18:00,Friday,low,18,18,18,19.161450140852523,52.34025234279502,371.0|2026-07-03,371.0,2026-07-03,25.286125812017662,52.34025234279502
top_hybrid_30,live_friday,18:00,Friday,medium,2,2,2,0.9708505737421811,0.9708505737421811,2474.0|2026-07-03,2474.0,2026-07-03,0.5445930896687992,0.5445930896687992
top_hybrid_30,live_friday,18:00,Friday,medium,2,2,2,0.9708505737421811,0.9708505737421811,2476.0|2026-07-03,2476.0,2026-07-03,0.9708505737421811,0.9708505737421811
top_hybrid_30,live_friday,20:00,Friday,low,18,18,18,15.899503840514155,42.65992371931769,143.0|2026-07-03,143.0,2026-07-03,2.191584250743938,36.840188976521354
top_hybrid_30,live_friday,20:00,Friday,low,18,18,18,15.899503840514155,42.65992371931769,2477.0|2026-07-03,2477.0,2026-07-03,21.03922142851596,42.65992371931769
top_hybrid_30,live_friday,20:00,Friday,low,18,18,18,15.899503840514155,42.65992371931769,2478.0|2026-07-03,2478.0,2026-07-03,21.03922142851596,42.65992371931769
top_hybrid_30,live_friday,20:00,Friday,low,18,18,18,15.899503840514155,42.65992371931769,2482.0|2026-07-03,2482.0,2026-07-03,21.03922142851596,42.65992371931769
top_hybrid_30,live_friday,20:00,Friday,low,18,18,18,15.899503840514155,42.65992371931769,2483.0|2026-07-03,2483.0,2026-07-03,21.03922142851596,42.65992371931769
top_hybrid_30,live_friday,20:00,Friday,low,18,18,18,15.899503840514155,42.65992371931769,2484.0|2026-07-03,2484.0,2026-07-03,21.03922142851596,42.65992371931769
top_hybrid_30,live_friday,20:00,Friday,low,18,18,18,15.899503840514155,42.65992371931769,2485.0|2026-07-03,2485.0,2026-07-03,21.03922142851596,42.65992371931769
top_hybrid_30,live_friday,20:00,Friday,low,18,18,18,15.899503840514155,42.65992371931769,2486.0|2026-07-03,2486.0,2026-07-03,21.03922142851596,42.65992371931769
top_hybrid_30,live_friday,20:00,Friday,low,18,18,18,15.899503840514155,42.65992371931769,2487.0|2026-07-03,2487.0,2026-07-03,21.03922142851596,42.65992371931769
top_hybrid_30,live_friday,20:00,Friday,low,18,18,18,15.899503840514155,42.65992371931769,2489.0|2026-07-03,2489.0,2026-07-03,20.60283148828408,42.65992371931769
top_hybrid_30,live_friday,20:00,Friday,low,18,18,18,15.899503840514155,42.65992371931769,2495.0|2026-07-03,2495.0,2026-07-03,21.03922142851596,42.65992371931769
top_hybrid_30,live_friday,20:00,Friday,low,18,18,18,15.899503840514155,42.65992371931769,2496.0|2026-07-03,2496.0,2026-07-03,2.191584250743938,42.65992371931769
top_hybrid_30,live_friday,20:00,Friday,low,18,18,18,15.899503840514155,42.65992371931769,2497.0|2026-07-03,2497.0,2026-07-03,21.03922142851596,42.65992371931769
top_hybrid_30,live_friday,20:00,Friday,low,18,18,18,15.899503840514155,42.65992371931769,2499.0|2026-07-03,2499.0,2026-07-03,21.03922142851596,42.65992371931769
top_hybrid_30,live_friday,20:00,Friday,low,18,18,18,15.899503840514155,42.65992371931769,2501.0|2026-07-03,2501.0,2026-07-03,21.03922142851596,42.65992371931769
top_hybrid_30,live_friday,20:00,Friday,low,18,18,18,15.899503840514155,42.65992371931769,2503.0|2026-07-03,2503.0,2026-07-03,21.03922142851596,42.65992371931769
top_hybrid_30,live_friday,20:00,Friday,low,18,18,18,15.899503840514155,42.65992371931769,369.0|2026-07-03,369.0,2026-07-03,21.03922142851596,42.65992371931769
top_hybrid_30,live_friday,20:00,Friday,low,18,18,18,15.899503840514155,42.65992371931769,371.0|2026-07-03,371.0,2026-07-03,21.03922142851596,42.65992371931769
top_hybrid_30,live_friday,20:00,Friday,medium,2,2,2,0.7917154135184782,0.7917154135184782,2474.0|2026-07-03,2474.0,2026-07-03,0.44341342692908536,0.44341342692908536
top_hybrid_30,live_friday,20:00,Friday,medium,2,2,2,0.7917154135184782,0.7917154135184782,2476.0|2026-07-03,2476.0,2026-07-03,0.7917154135184782,0.7917154135184782
top_hybrid_30,live_friday,EOD,Friday,low,20,20,20,2.2129173754438485,54.14937929856705,143.0|2026-07-03,143.0,2026-07-03,1.7521415860824046,54.14937929856705
top_hybrid_30,live_friday,EOD,Friday,low,20,20,20,2.2129173754438485,54.14937929856705,2474.0|2026-07-03,2474.0,2026-07-03,2.2371708602818847,54.14937929856705
top_hybrid_30,live_friday,EOD,Friday,low,20,20,20,2.2129173754438485,54.14937929856705,2476.0|2026-07-03,2476.0,2026-07-03,2.2371708602818847,54.14937929856705
top_hybrid_30,live_friday,EOD,Friday,low,20,20,20,2.2129173754438485,54.14937929856705,2477.0|2026-07-03,2477.0,2026-07-03,2.2371708602818847,54.14937929856705
top_hybrid_30,live_friday,EOD,Friday,low,20,20,20,2.2129173754438485,54.14937929856705,2478.0|2026-07-03,2478.0,2026-07-03,2.2371708602818847,54.14937929856705
top_hybrid_30,live_friday,EOD,Friday,low,20,20,20,2.2129173754438485,54.14937929856705,2482.0|2026-07-03,2482.0,2026-07-03,2.2371708602818847,54.14937929856705
top_hybrid_30,live_friday,EOD,Friday,low,20,20,20,2.2129173754438485,54.14937929856705,2483.0|2026-07-03,2483.0,2026-07-03,2.2371708602818847,54.14937929856705
top_hybrid_30,live_friday,EOD,Friday,low,20,20,20,2.2129173754438485,54.14937929856705,2484.0|2026-07-03,2484.0,2026-07-03,2.2371708602818847,54.14937929856705
top_hybrid_30,live_friday,EOD,Friday,low,20,20,20,2.2129173754438485,54.14937929856705,2485.0|2026-07-03,2485.0,2026-07-03,2.2371708602818847,54.14937929856705
top_hybrid_30,live_friday,EOD,Friday,low,20,20,20,2.2129173754438485,54.14937929856705,2486.0|2026-07-03,2486.0,2026-07-03,2.2371708602818847,54.14937929856705
top_hybrid_30,live_friday,EOD,Friday,low,20,20,20,2.2129173754438485,54.14937929856705,2487.0|2026-07-03,2487.0,2026-07-03,2.2371708602818847,54.14937929856705
top_hybrid_30,live_friday,EOD,Friday,low,20,20,20,2.2129173754438485,54.14937929856705,2489.0|2026-07-03,2489.0,2026-07-03,2.2371708602818847,54.14937929856705
top_hybrid_30,live_friday,EOD,Friday,low,20,20,20,2.2129173754438485,54.14937929856705,2495.0|2026-07-03,2495.0,2026-07-03,2.2371708602818847,54.14937929856705
top_hybrid_30,live_friday,EOD,Friday,low,20,20,20,2.2129173754438485,54.14937929856705,2496.0|2026-07-03,2496.0,2026-07-03,1.7521415860824046,2.33687226521201
top_hybrid_30,live_friday,EOD,Friday,low,20,20,20,2.2129173754438485,54.14937929856705,2497.0|2026-07-03,2497.0,2026-07-03,2.2371708602818847,54.14937929856705
top_hybrid_30,live_friday,EOD,Friday,low,20,20,20,2.2129173754438485,54.14937929856705,2499.0|2026-07-03,2499.0,2026-07-03,2.2371708602818847,54.14937929856705
top_hybrid_30,live_friday,EOD,Friday,low,20,20,20,2.2129173754438485,54.14937929856705,2501.0|2026-07-03,2501.0,2026-07-03,2.2371708602818847,54.14937929856705
top_hybrid_30,live_friday,EOD,Friday,low,20,20,20,2.2129173754438485,54.14937929856705,2503.0|2026-07-03,2503.0,2026-07-03,2.2371708602818847,54.14937929856705
top_hybrid_30,live_friday,EOD,Friday,low,20,20,20,2.2129173754438485,54.14937929856705,369.0|2026-07-03,369.0,2026-07-03,2.2371708602818847,54.14937929856705
top_hybrid_30,live_friday,EOD,Friday,low,20,20,20,2.2129173754438485,54.14937929856705,371.0|2026-07-03,371.0,2026-07-03,1.8705655339874867,54.14937929856705
top_hybrid_30,live_saturday,16:00,Saturday,low,18,18,18,1.3141823057742794,1.9997113649061071,2474.0|2026-07-04,2474.0,2026-07-04,1.333207577285535,1.9997113649061071
top_hybrid_30,live_saturday,16:00,Saturday,low,18,18,18,1.3141823057742794,1.9997113649061071,2476.0|2026-07-04,2476.0,2026-07-04,1.1315758778269083,1.9997113649061071
top_hybrid_30,live_saturday,16:00,Saturday,low,18,18,18,1.3141823057742794,1.9997113649061071,2477.0|2026-07-04,2477.0,2026-07-04,1.333207577285535,1.9997113649061071
top_hybrid_30,live_saturday,16:00,Saturday,low,18,18,18,1.3141823057742794,1.9997113649061071,2478.0|2026-07-04,2478.0,2026-07-04,1.333207577285535,1.9997113649061071
top_hybrid_30,live_saturday,16:00,Saturday,low,18,18,18,1.3141823057742794,1.9997113649061071,2482.0|2026-07-04,2482.0,2026-07-04,1.333207577285535,1.9997113649061071
top_hybrid_30,live_saturday,16:00,Saturday,low,18,18,18,1.3141823057742794,1.9997113649061071,2483.0|2026-07-04,2483.0,2026-07-04,1.333207577285535,1.9997113649061071
top_hybrid_30,live_saturday,16:00,Saturday,low,18,18,18,1.3141823057742794,1.9997113649061071,2484.0|2026-07-04,2484.0,2026-07-04,1.333207577285535,1.9997113649061071
top_hybrid_30,live_saturday,16:00,Saturday,low,18,18,18,1.3141823057742794,1.9997113649061071,2485.0|2026-07-04,2485.0,2026-07-04,1.269465618348983,1.9997113649061071
top_hybrid_30,live_saturday,16:00,Saturday,low,18,18,18,1.3141823057742794,1.9997113649061071,2486.0|2026-07-04,2486.0,2026-07-04,1.333207577285535,1.9997113649061071
top_hybrid_30,live_saturday,16:00,Saturday,low,18,18,18,1.3141823057742794,1.9997113649061071,2487.0|2026-07-04,2487.0,2026-07-04,1.333207577285535,1.9997113649061071
top_hybrid_30,live_saturday,16:00,Saturday,low,18,18,18,1.3141823057742794,1.9997113649061071,2489.0|2026-07-04,2489.0,2026-07-04,1.333207577285535,1.9997113649061071
top_hybrid_30,live_saturday,16:00,Saturday,low,18,18,18,1.3141823057742794,1.9997113649061071,2495.0|2026-07-04,2495.0,2026-07-04,1.333207577285535,1.9997113649061071
top_hybrid_30,live_saturday,16:00,Saturday,low,18,18,18,1.3141823057742794,1.9997113649061071,2497.0|2026-07-04,2497.0,2026-07-04,1.333207577285535,1.9997113649061071
top_hybrid_30,live_saturday,16:00,Saturday,low,18,18,18,1.3141823057742794,1.9997113649061071,2499.0|2026-07-04,2499.0,2026-07-04,1.333207577285535,1.9997113649061071
top_hybrid_30,live_saturday,16:00,Saturday,low,18,18,18,1.3141823057742794,1.9997113649061071,2501.0|2026-07-04,2501.0,2026-07-04,1.333207577285535,1.9997113649061071
top_hybrid_30,live_saturday,16:00,Saturday,low,18,18,18,1.3141823057742794,1.9997113649061071,2503.0|2026-07-04,2503.0,2026-07-04,1.333207577285535,1.9997113649061071
top_hybrid_30,live_saturday,16:00,Saturday,low,18,18,18,1.3141823057742794,1.9997113649061071,369.0|2026-07-04,369.0,2026-07-04,1.333207577285535,1.9997113649061071
top_hybrid_30,live_saturday,16:00,Saturday,low,18,18,18,1.3141823057742794,1.9997113649061071,371.0|2026-07-04,371.0,2026-07-04,1.1315758778269083,1.3720883878683827
top_hybrid_30,live_saturday,18:00,Saturday,low,19,19,19,2.2453517124555513,17.546175012580033,2474.0|2026-07-04,2474.0,2026-07-04,2.301664687293822,17.546175012580033
top_hybrid_30,live_saturday,18:00,Saturday,low,19,19,19,2.2453517124555513,17.546175012580033,2476.0|2026-07-04,2476.0,2026-07-04,2.2049695667415095,17.546175012580033
top_hybrid_30,live_saturday,18:00,Saturday,low,19,19,19,2.2453517124555513,17.546175012580033,2477.0|2026-07-04,2477.0,2026-07-04,2.301664687293822,17.546175012580033
top_hybrid_30,live_saturday,18:00,Saturday,low,19,19,19,2.2453517124555513,17.546175012580033,2478.0|2026-07-04,2478.0,2026-07-04,2.301664687293822,17.546175012580033
top_hybrid_30,live_saturday,18:00,Saturday,low,19,19,19,2.2453517124555513,17.546175012580033,2482.0|2026-07-04,2482.0,2026-07-04,2.301664687293822,17.546175012580033
top_hybrid_30,live_saturday,18:00,Saturday,low,19,19,19,2.2453517124555513,17.546175012580033,2483.0|2026-07-04,2483.0,2026-07-04,2.301664687293822,17.546175012580033
top_hybrid_30,live_saturday,18:00,Saturday,low,19,19,19,2.2453517124555513,17.546175012580033,2484.0|2026-07-04,2484.0,2026-07-04,2.301664687293822,17.546175012580033
top_hybrid_30,live_saturday,18:00,Saturday,low,19,19,19,2.2453517124555513,17.546175012580033,2485.0|2026-07-04,2485.0,2026-07-04,2.301664687293822,17.546175012580033
top_hybrid_30,live_saturday,18:00,Saturday,low,19,19,19,2.2453517124555513,17.546175012580033,2486.0|2026-07-04,2486.0,2026-07-04,2.301664687293822,17.546175012580033
top_hybrid_30,live_saturday,18:00,Saturday,low,19,19,19,2.2453517124555513,17.546175012580033,2487.0|2026-07-04,2487.0,2026-07-04,2.301664687293822,17.546175012580033
top_hybrid_30,live_saturday,18:00,Saturday,low,19,19,19,2.2453517124555513,17.546175012580033,2489.0|2026-07-04,2489.0,2026-07-04,2.301664687293822,17.546175012580033
top_hybrid_30,live_saturday,18:00,Saturday,low,19,19,19,2.2453517124555513,17.546175012580033,2495.0|2026-07-04,2495.0,2026-07-04,2.301664687293822,17.546175012580033
top_hybrid_30,live_saturday,18:00,Saturday,low,19,19,19,2.2453517124555513,17.546175012580033,2496.0|2026-07-04,2496.0,2026-07-04,1.8539536286961191,2.4792200921168015
top_hybrid_30,live_saturday,18:00,Saturday,low,19,19,19,2.2453517124555513,17.546175012580033,2497.0|2026-07-04,2497.0,2026-07-04,2.301664687293822,17.546175012580033
top_hybrid_30,live_saturday,18:00,Saturday,low,19,19,19,2.2453517124555513,17.546175012580033,2499.0|2026-07-04,2499.0,2026-07-04,2.301664687293822,17.546175012580033
top_hybrid_30,live_saturday,18:00,Saturday,low,19,19,19,2.2453517124555513,17.546175012580033,2501.0|2026-07-04,2501.0,2026-07-04,2.301664687293822,17.546175012580033
top_hybrid_30,live_saturday,18:00,Saturday,low,19,19,19,2.2453517124555513,17.546175012580033,2503.0|2026-07-04,2503.0,2026-07-04,2.301664687293822,17.546175012580033
top_hybrid_30,live_saturday,18:00,Saturday,low,19,19,19,2.2453517124555513,17.546175012580033,369.0|2026-07-04,369.0,2026-07-04,2.301664687293822,17.546175012580033
top_hybrid_30,live_saturday,18:00,Saturday,low,19,19,19,2.2453517124555513,17.546175012580033,371.0|2026-07-04,371.0,2026-07-04,1.8539536286961191,17.546175012580033
top_hybrid_30,live_saturday,20:00,Saturday,low,19,19,19,2.203931261424704,17.245336979463502,2474.0|2026-07-04,2474.0,2026-07-04,2.259173266580482,17.245336979463502
top_hybrid_30,live_saturday,20:00,Saturday,low,19,19,19,2.203931261424704,17.245336979463502,2476.0|2026-07-04,2476.0,2026-07-04,2.164235877947901,17.245336979463502
top_hybrid_30,live_saturday,20:00,Saturday,low,19,19,19,2.203931261424704,17.245336979463502,2477.0|2026-07-04,2477.0,2026-07-04,2.259173266580482,17.245336979463502
top_hybrid_30,live_saturday,20:00,Saturday,low,19,19,19,2.203931261424704,17.245336979463502,2478.0|2026-07-04,2478.0,2026-07-04,2.259173266580482,17.245336979463502
top_hybrid_30,live_saturday,20:00,Saturday,low,19,19,19,2.203931261424704,17.245336979463502,2482.0|2026-07-04,2482.0,2026-07-04,2.259173266580482,17.245336979463502
top_hybrid_30,live_saturday,20:00,Saturday,low,19,19,19,2.203931261424704,17.245336979463502,2483.0|2026-07-04,2483.0,2026-07-04,2.259173266580482,17.245336979463502
top_hybrid_30,live_saturday,20:00,Saturday,low,19,19,19,2.203931261424704,17.245336979463502,2484.0|2026-07-04,2484.0,2026-07-04,2.259173266580482,17.245336979463502
top_hybrid_30,live_saturday,20:00,Saturday,low,19,19,19,2.203931261424704,17.245336979463502,2485.0|2026-07-04,2485.0,2026-07-04,2.259173266580482,17.245336979463502
top_hybrid_30,live_saturday,20:00,Saturday,low,19,19,19,2.203931261424704,17.245336979463502,2486.0|2026-07-04,2486.0,2026-07-04,2.259173266580482,17.245336979463502
top_hybrid_30,live_saturday,20:00,Saturday,low,19,19,19,2.203931261424704,17.245336979463502,2487.0|2026-07-04,2487.0,2026-07-04,2.259173266580482,17.245336979463502
top_hybrid_30,live_saturday,20:00,Saturday,low,19,19,19,2.203931261424704,17.245336979463502,2489.0|2026-07-04,2489.0,2026-07-04,2.259173266580482,17.245336979463502
top_hybrid_30,live_saturday,20:00,Saturday,low,19,19,19,2.203931261424704,17.245336979463502,2495.0|2026-07-04,2495.0,2026-07-04,2.259173266580482,17.245336979463502
top_hybrid_30,live_saturday,20:00,Saturday,low,19,19,19,2.203931261424704,17.245336979463502,2496.0|2026-07-04,2496.0,2026-07-04,1.819885758539997,2.433346893973373
top_hybrid_30,live_saturday,20:00,Saturday,low,19,19,19,2.203931261424704,17.245336979463502,2497.0|2026-07-04,2497.0,2026-07-04,2.259173266580482,17.245336979463502
top_hybrid_30,live_saturday,20:00,Saturday,low,19,19,19,2.203931261424704,17.245336979463502,2499.0|2026-07-04,2499.0,2026-07-04,2.259173266580482,17.245336979463502
top_hybrid_30,live_saturday,20:00,Saturday,low,19,19,19,2.203931261424704,17.245336979463502,2501.0|2026-07-04,2501.0,2026-07-04,2.259173266580482,17.245336979463502
top_hybrid_30,live_saturday,20:00,Saturday,low,19,19,19,2.203931261424704,17.245336979463502,2503.0|2026-07-04,2503.0,2026-07-04,2.259173266580482,17.245336979463502
top_hybrid_30,live_saturday,20:00,Saturday,low,19,19,19,2.203931261424704,17.245336979463502,369.0|2026-07-04,369.0,2026-07-04,2.259173266580482,17.245336979463502
top_hybrid_30,live_saturday,20:00,Saturday,low,19,19,19,2.203931261424704,17.245336979463502,371.0|2026-07-04,371.0,2026-07-04,1.819885758539997,17.245336979463502
top_hybrid_30,live_saturday,EOD,Saturday,low,19,19,19,0.9067762247736757,11.226573021664231,2474.0|2026-07-04,2474.0,2026-07-04,0.9416228999122148,11.226573021664231
top_hybrid_30,live_saturday,EOD,Saturday,low,19,19,19,0.9067762247736757,11.226573021664231,2476.0|2026-07-04,2476.0,2026-07-04,0.9416228999122148,11.226573021664231
top_hybrid_30,live_saturday,EOD,Saturday,low,19,19,19,0.9067762247736757,11.226573021664231,2477.0|2026-07-04,2477.0,2026-07-04,0.9127899560959847,11.226573021664231
top_hybrid_30,live_saturday,EOD,Saturday,low,19,19,19,0.9067762247736757,11.226573021664231,2478.0|2026-07-04,2478.0,2026-07-04,0.9416228999122148,11.226573021664231
top_hybrid_30,live_saturday,EOD,Saturday,low,19,19,19,0.9067762247736757,11.226573021664231,2482.0|2026-07-04,2482.0,2026-07-04,0.9416228999122148,11.226573021664231
top_hybrid_30,live_saturday,EOD,Saturday,low,19,19,19,0.9067762247736757,11.226573021664231,2483.0|2026-07-04,2483.0,2026-07-04,0.9416228999122148,11.226573021664231
top_hybrid_30,live_saturday,EOD,Saturday,low,19,19,19,0.9067762247736757,11.226573021664231,2484.0|2026-07-04,2484.0,2026-07-04,0.9416228999122148,11.226573021664231
top_hybrid_30,live_saturday,EOD,Saturday,low,19,19,19,0.9067762247736757,11.226573021664231,2485.0|2026-07-04,2485.0,2026-07-04,0.9416228999122148,11.226573021664231
top_hybrid_30,live_saturday,EOD,Saturday,low,19,19,19,0.9067762247736757,11.226573021664231,2486.0|2026-07-04,2486.0,2026-07-04,0.9416228999122148,11.226573021664231
top_hybrid_30,live_saturday,EOD,Saturday,low,19,19,19,0.9067762247736757,11.226573021664231,2487.0|2026-07-04,2487.0,2026-07-04,0.9416228999122148,11.226573021664231
top_hybrid_30,live_saturday,EOD,Saturday,low,19,19,19,0.9067762247736757,11.226573021664231,2489.0|2026-07-04,2489.0,2026-07-04,0.9416228999122148,11.226573021664231
top_hybrid_30,live_saturday,EOD,Saturday,low,19,19,19,0.9067762247736757,11.226573021664231,2495.0|2026-07-04,2495.0,2026-07-04,0.9416228999122148,11.226573021664231
top_hybrid_30,live_saturday,EOD,Saturday,low,19,19,19,0.9067762247736757,11.226573021664231,2496.0|2026-07-04,2496.0,2026-07-04,0.701023605378137,1.054405526436803
top_hybrid_30,live_saturday,EOD,Saturday,low,19,19,19,0.9067762247736757,11.226573021664231,2497.0|2026-07-04,2497.0,2026-07-04,0.9416228999122148,11.226573021664231
top_hybrid_30,live_saturday,EOD,Saturday,low,19,19,19,0.9067762247736757,11.226573021664231,2499.0|2026-07-04,2499.0,2026-07-04,0.9416228999122148,11.226573021664231
top_hybrid_30,live_saturday,EOD,Saturday,low,19,19,19,0.9067762247736757,11.226573021664231,2501.0|2026-07-04,2501.0,2026-07-04,0.9416228999122148,11.226573021664231
top_hybrid_30,live_saturday,EOD,Saturday,low,19,19,19,0.9067762247736757,11.226573021664231,2503.0|2026-07-04,2503.0,2026-07-04,0.9416228999122148,11.226573021664231
top_hybrid_30,live_saturday,EOD,Saturday,low,19,19,19,0.9067762247736757,11.226573021664231,369.0|2026-07-04,369.0,2026-07-04,0.9416228999122148,11.226573021664231
top_hybrid_30,live_saturday,EOD,Saturday,low,19,19,19,0.9067762247736757,11.226573021664231,371.0|2026-07-04,371.0,2026-07-04,0.701023605378137,11.226573021664231
top_hybrid_30,live_sunday,12:00,Sunday,low,18,18,18,3.3582620612478213,3.8322676679290497,2474.0|2026-07-05,2474.0,2026-07-05,3.313593400020222,3.8322676679290497
top_hybrid_30,live_sunday,12:00,Sunday,low,18,18,18,3.3582620612478213,3.8322676679290497,2476.0|2026-07-05,2476.0,2026-07-05,3.362803479634275,3.8322676679290497
top_hybrid_30,live_sunday,12:00,Sunday,low,18,18,18,3.3582620612478213,3.8322676679290497,2477.0|2026-07-05,2477.0,2026-07-05,3.362803479634275,3.8322676679290497
top_hybrid_30,live_sunday,12:00,Sunday,low,18,18,18,3.3582620612478213,3.8322676679290497,2478.0|2026-07-05,2478.0,2026-07-05,3.362803479634275,3.8322676679290497
top_hybrid_30,live_sunday,12:00,Sunday,low,18,18,18,3.3582620612478213,3.8322676679290497,2482.0|2026-07-05,2482.0,2026-07-05,3.362803479634275,3.8322676679290497
top_hybrid_30,live_sunday,12:00,Sunday,low,18,18,18,3.3582620612478213,3.8322676679290497,2483.0|2026-07-05,2483.0,2026-07-05,3.362803479634275,3.8322676679290497
top_hybrid_30,live_sunday,12:00,Sunday,low,18,18,18,3.3582620612478213,3.8322676679290497,2484.0|2026-07-05,2484.0,2026-07-05,3.362803479634275,3.8322676679290497
top_hybrid_30,live_sunday,12:00,Sunday,low,18,18,18,3.3582620612478213,3.8322676679290497,2485.0|2026-07-05,2485.0,2026-07-05,3.362803479634275,3.8322676679290497
top_hybrid_30,live_sunday,12:00,Sunday,low,18,18,18,3.3582620612478213,3.8322676679290497,2486.0|2026-07-05,2486.0,2026-07-05,3.313593400020222,3.3719047489572604
top_hybrid_30,live_sunday,12:00,Sunday,low,18,18,18,3.3582620612478213,3.8322676679290497,2487.0|2026-07-05,2487.0,2026-07-05,3.362803479634275,3.8322676679290497
top_hybrid_30,live_sunday,12:00,Sunday,low,18,18,18,3.3582620612478213,3.8322676679290497,2489.0|2026-07-05,2489.0,2026-07-05,3.362803479634275,3.8322676679290497
top_hybrid_30,live_sunday,12:00,Sunday,low,18,18,18,3.3582620612478213,3.8322676679290497,2495.0|2026-07-05,2495.0,2026-07-05,3.362803479634275,3.8322676679290497
top_hybrid_30,live_sunday,12:00,Sunday,low,18,18,18,3.3582620612478213,3.8322676679290497,2497.0|2026-07-05,2497.0,2026-07-05,3.362803479634275,3.8322676679290497
top_hybrid_30,live_sunday,12:00,Sunday,low,18,18,18,3.3582620612478213,3.8322676679290497,2499.0|2026-07-05,2499.0,2026-07-05,3.362803479634275,3.8322676679290497
top_hybrid_30,live_sunday,12:00,Sunday,low,18,18,18,3.3582620612478213,3.8322676679290497,2501.0|2026-07-05,2501.0,2026-07-05,3.362803479634275,3.8322676679290497
top_hybrid_30,live_sunday,12:00,Sunday,low,18,18,18,3.3582620612478213,3.8322676679290497,2503.0|2026-07-05,2503.0,2026-07-05,3.349611631386867,3.8322676679290497
top_hybrid_30,live_sunday,12:00,Sunday,low,18,18,18,3.3582620612478213,3.8322676679290497,369.0|2026-07-05,369.0,2026-07-05,3.362803479634275,3.8322676679290497
top_hybrid_30,live_sunday,12:00,Sunday,low,18,18,18,3.3582620612478213,3.8322676679290497,371.0|2026-07-05,371.0,2026-07-05,3.362803479634275,3.8322676679290497
top_hybrid_30,live_sunday,14:00,Sunday,low,19,19,19,1.5031478209412452,7.049408571183853,2474.0|2026-07-05,2474.0,2026-07-05,1.1770682256528386,7.049408571183853
top_hybrid_30,live_sunday,14:00,Sunday,low,19,19,19,1.5031478209412452,7.049408571183853,2476.0|2026-07-05,2476.0,2026-07-05,1.5493855772599354,7.049408571183853
top_hybrid_30,live_sunday,14:00,Sunday,low,19,19,19,1.5031478209412452,7.049408571183853,2477.0|2026-07-05,2477.0,2026-07-05,1.5493855772599354,7.049408571183853
top_hybrid_30,live_sunday,14:00,Sunday,low,19,19,19,1.5031478209412452,7.049408571183853,2478.0|2026-07-05,2478.0,2026-07-05,1.5493855772599354,7.049408571183853
top_hybrid_30,live_sunday,14:00,Sunday,low,19,19,19,1.5031478209412452,7.049408571183853,2482.0|2026-07-05,2482.0,2026-07-05,1.5493855772599354,7.049408571183853
top_hybrid_30,live_sunday,14:00,Sunday,low,19,19,19,1.5031478209412452,7.049408571183853,2483.0|2026-07-05,2483.0,2026-07-05,1.5493855772599354,7.049408571183853
top_hybrid_30,live_sunday,14:00,Sunday,low,19,19,19,1.5031478209412452,7.049408571183853,2484.0|2026-07-05,2484.0,2026-07-05,1.5493855772599354,7.049408571183853
top_hybrid_30,live_sunday,14:00,Sunday,low,19,19,19,1.5031478209412452,7.049408571183853,2485.0|2026-07-05,2485.0,2026-07-05,1.5493855772599354,7.049408571183853
top_hybrid_30,live_sunday,14:00,Sunday,low,19,19,19,1.5031478209412452,7.049408571183853,2486.0|2026-07-05,2486.0,2026-07-05,1.5493855772599354,7.049408571183853
top_hybrid_30,live_sunday,14:00,Sunday,low,19,19,19,1.5031478209412452,7.049408571183853,2487.0|2026-07-05,2487.0,2026-07-05,1.5493855772599354,7.049408571183853
top_hybrid_30,live_sunday,14:00,Sunday,low,19,19,19,1.5031478209412452,7.049408571183853,2489.0|2026-07-05,2489.0,2026-07-05,1.5493855772599354,7.049408571183853
top_hybrid_30,live_sunday,14:00,Sunday,low,19,19,19,1.5031478209412452,7.049408571183853,2495.0|2026-07-05,2495.0,2026-07-05,1.5493855772599354,7.049408571183853
top_hybrid_30,live_sunday,14:00,Sunday,low,19,19,19,1.5031478209412452,7.049408571183853,2496.0|2026-07-05,2496.0,2026-07-05,1.1770682256528386,1.696809007402246
top_hybrid_30,live_sunday,14:00,Sunday,low,19,19,19,1.5031478209412452,7.049408571183853,2497.0|2026-07-05,2497.0,2026-07-05,1.5493855772599354,7.049408571183853
top_hybrid_30,live_sunday,14:00,Sunday,low,19,19,19,1.5031478209412452,7.049408571183853,2499.0|2026-07-05,2499.0,2026-07-05,1.5493855772599354,7.049408571183853
top_hybrid_30,live_sunday,14:00,Sunday,low,19,19,19,1.5031478209412452,7.049408571183853,2501.0|2026-07-05,2501.0,2026-07-05,1.5493855772599354,7.049408571183853
top_hybrid_30,live_sunday,14:00,Sunday,low,19,19,19,1.5031478209412452,7.049408571183853,2503.0|2026-07-05,2503.0,2026-07-05,1.4551452890457128,7.049408571183853
top_hybrid_30,live_sunday,14:00,Sunday,low,19,19,19,1.5031478209412452,7.049408571183853,369.0|2026-07-05,369.0,2026-07-05,1.5493855772599354,7.049408571183853
top_hybrid_30,live_sunday,14:00,Sunday,low,19,19,19,1.5031478209412452,7.049408571183853,371.0|2026-07-05,371.0,2026-07-05,1.5493855772599354,7.049408571183853
top_hybrid_30,live_sunday,16:00,Sunday,low,19,19,19,1.3640824489748344,5.2169964866095695,2474.0|2026-07-05,2474.0,2026-07-05,1.1310694489841657,5.2169964866095695
top_hybrid_30,live_sunday,16:00,Sunday,low,19,19,19,1.3640824489748344,5.2169964866095695,2476.0|2026-07-05,2476.0,2026-07-05,1.3962508987517919,5.2169964866095695
top_hybrid_30,live_sunday,16:00,Sunday,low,19,19,19,1.3640824489748344,5.2169964866095695,2477.0|2026-07-05,2477.0,2026-07-05,1.3962508987517919,5.2169964866095695
top_hybrid_30,live_sunday,16:00,Sunday,low,19,19,19,1.3640824489748344,5.2169964866095695,2478.0|2026-07-05,2478.0,2026-07-05,1.3962508987517919,5.2169964866095695
top_hybrid_30,live_sunday,16:00,Sunday,low,19,19,19,1.3640824489748344,5.2169964866095695,2482.0|2026-07-05,2482.0,2026-07-05,1.3962508987517919,5.2169964866095695
top_hybrid_30,live_sunday,16:00,Sunday,low,19,19,19,1.3640824489748344,5.2169964866095695,2483.0|2026-07-05,2483.0,2026-07-05,1.3962508987517919,5.2169964866095695
top_hybrid_30,live_sunday,16:00,Sunday,low,19,19,19,1.3640824489748344,5.2169964866095695,2484.0|2026-07-05,2484.0,2026-07-05,1.3962508987517919,5.2169964866095695
top_hybrid_30,live_sunday,16:00,Sunday,low,19,19,19,1.3640824489748344,5.2169964866095695,2485.0|2026-07-05,2485.0,2026-07-05,1.3962508987517919,5.2169964866095695
top_hybrid_30,live_sunday,16:00,Sunday,low,19,19,19,1.3640824489748344,5.2169964866095695,2486.0|2026-07-05,2486.0,2026-07-05,1.3962508987517919,5.2169964866095695
top_hybrid_30,live_sunday,16:00,Sunday,low,19,19,19,1.3640824489748344,5.2169964866095695,2487.0|2026-07-05,2487.0,2026-07-05,1.3962508987517919,5.2169964866095695
top_hybrid_30,live_sunday,16:00,Sunday,low,19,19,19,1.3640824489748344,5.2169964866095695,2489.0|2026-07-05,2489.0,2026-07-05,1.3962508987517919,5.2169964866095695
top_hybrid_30,live_sunday,16:00,Sunday,low,19,19,19,1.3640824489748344,5.2169964866095695,2495.0|2026-07-05,2495.0,2026-07-05,1.3962508987517919,5.2169964866095695
top_hybrid_30,live_sunday,16:00,Sunday,low,19,19,19,1.3640824489748344,5.2169964866095695,2496.0|2026-07-05,2496.0,2026-07-05,1.1310694489841657,1.4973799011005966
top_hybrid_30,live_sunday,16:00,Sunday,low,19,19,19,1.3640824489748344,5.2169964866095695,2497.0|2026-07-05,2497.0,2026-07-05,1.3962508987517919,5.2169964866095695
top_hybrid_30,live_sunday,16:00,Sunday,low,19,19,19,1.3640824489748344,5.2169964866095695,2499.0|2026-07-05,2499.0,2026-07-05,1.3962508987517919,5.2169964866095695
top_hybrid_30,live_sunday,16:00,Sunday,low,19,19,19,1.3640824489748344,5.2169964866095695,2501.0|2026-07-05,2501.0,2026-07-05,1.3962508987517919,5.2169964866095695
top_hybrid_30,live_sunday,16:00,Sunday,low,19,19,19,1.3640824489748344,5.2169964866095695,2503.0|2026-07-05,2503.0,2026-07-05,1.3315245679346055,5.2169964866095695
top_hybrid_30,live_sunday,16:00,Sunday,low,19,19,19,1.3640824489748344,5.2169964866095695,369.0|2026-07-05,369.0,2026-07-05,1.3962508987517919,5.2169964866095695
top_hybrid_30,live_sunday,16:00,Sunday,low,19,19,19,1.3640824489748344,5.2169964866095695,371.0|2026-07-05,371.0,2026-07-05,1.3962508987517919,5.2169964866095695
top_hybrid_30,live_sunday,18:00,Sunday,low,19,19,19,1.1602778546138657,6.6386987999256535,2474.0|2026-07-05,2474.0,2026-07-05,1.0650645246866985,6.6386987999256535
top_hybrid_30,live_sunday,18:00,Sunday,low,19,19,19,1.1602778546138657,6.6386987999256535,2476.0|2026-07-05,2476.0,2026-07-05,1.1703480211173525,6.6386987999256535
top_hybrid_30,live_sunday,18:00,Sunday,low,19,19,19,1.1602778546138657,6.6386987999256535,2477.0|2026-07-05,2477.0,2026-07-05,1.1703480211173525,6.6386987999256535
top_hybrid_30,live_sunday,18:00,Sunday,low,19,19,19,1.1602778546138657,6.6386987999256535,2478.0|2026-07-05,2478.0,2026-07-05,1.1703480211173525,6.6386987999256535
top_hybrid_30,live_sunday,18:00,Sunday,low,19,19,19,1.1602778546138657,6.6386987999256535,2482.0|2026-07-05,2482.0,2026-07-05,1.1703480211173525,6.6386987999256535
top_hybrid_30,live_sunday,18:00,Sunday,low,19,19,19,1.1602778546138657,6.6386987999256535,2483.0|2026-07-05,2483.0,2026-07-05,1.1703480211173525,6.6386987999256535
top_hybrid_30,live_sunday,18:00,Sunday,low,19,19,19,1.1602778546138657,6.6386987999256535,2484.0|2026-07-05,2484.0,2026-07-05,1.1703480211173525,6.6386987999256535
top_hybrid_30,live_sunday,18:00,Sunday,low,19,19,19,1.1602778546138657,6.6386987999256535,2485.0|2026-07-05,2485.0,2026-07-05,1.1703480211173525,6.6386987999256535
top_hybrid_30,live_sunday,18:00,Sunday,low,19,19,19,1.1602778546138657,6.6386987999256535,2486.0|2026-07-05,2486.0,2026-07-05,1.1703480211173525,6.6386987999256535
top_hybrid_30,live_sunday,18:00,Sunday,low,19,19,19,1.1602778546138657,6.6386987999256535,2487.0|2026-07-05,2487.0,2026-07-05,1.1703480211173525,6.6386987999256535
top_hybrid_30,live_sunday,18:00,Sunday,low,19,19,19,1.1602778546138657,6.6386987999256535,2489.0|2026-07-05,2489.0,2026-07-05,1.1703480211173525,6.6386987999256535
top_hybrid_30,live_sunday,18:00,Sunday,low,19,19,19,1.1602778546138657,6.6386987999256535,2495.0|2026-07-05,2495.0,2026-07-05,1.1703480211173525,6.6386987999256535
top_hybrid_30,live_sunday,18:00,Sunday,low,19,19,19,1.1602778546138657,6.6386987999256535,2496.0|2026-07-05,2496.0,2026-07-05,1.0650645246866985,1.2010859612627458
top_hybrid_30,live_sunday,18:00,Sunday,low,19,19,19,1.1602778546138657,6.6386987999256535,2497.0|2026-07-05,2497.0,2026-07-05,1.1703480211173525,6.6386987999256535
top_hybrid_30,live_sunday,18:00,Sunday,low,19,19,19,1.1602778546138657,6.6386987999256535,2499.0|2026-07-05,2499.0,2026-07-05,1.1703480211173525,6.6386987999256535
top_hybrid_30,live_sunday,18:00,Sunday,low,19,19,19,1.1602778546138657,6.6386987999256535,2501.0|2026-07-05,2501.0,2026-07-05,1.1703480211173525,6.6386987999256535
top_hybrid_30,live_sunday,18:00,Sunday,low,19,19,19,1.1602778546138657,6.6386987999256535,2503.0|2026-07-05,2503.0,2026-07-05,1.1314804971218948,6.6386987999256535
top_hybrid_30,live_sunday,18:00,Sunday,low,19,19,19,1.1602778546138657,6.6386987999256535,369.0|2026-07-05,369.0,2026-07-05,1.1703480211173525,6.6386987999256535
top_hybrid_30,live_sunday,18:00,Sunday,low,19,19,19,1.1602778546138657,6.6386987999256535,371.0|2026-07-05,371.0,2026-07-05,1.1703480211173525,6.6386987999256535
top_hybrid_30,live_sunday,20:00,Sunday,low,19,19,19,0.7707505783711877,1.825153740975141,2474.0|2026-07-05,2474.0,2026-07-05,0.5811619404621998,1.825153740975141
top_hybrid_30,live_sunday,20:00,Sunday,low,19,19,19,0.7707505783711877,1.825153740975141,2476.0|2026-07-05,2476.0,2026-07-05,0.7977117369608336,1.825153740975141
top_hybrid_30,live_sunday,20:00,Sunday,low,19,19,19,0.7707505783711877,1.825153740975141,2477.0|2026-07-05,2477.0,2026-07-05,0.7977117369608336,1.825153740975141
top_hybrid_30,live_sunday,20:00,Sunday,low,19,19,19,0.7707505783711877,1.825153740975141,2478.0|2026-07-05,2478.0,2026-07-05,0.7977117369608336,1.825153740975141
top_hybrid_30,live_sunday,20:00,Sunday,low,19,19,19,0.7707505783711877,1.825153740975141,2482.0|2026-07-05,2482.0,2026-07-05,0.7977117369608336,1.825153740975141
top_hybrid_30,live_sunday,20:00,Sunday,low,19,19,19,0.7707505783711877,1.825153740975141,2483.0|2026-07-05,2483.0,2026-07-05,0.7977117369608336,1.825153740975141
top_hybrid_30,live_sunday,20:00,Sunday,low,19,19,19,0.7707505783711877,1.825153740975141,2484.0|2026-07-05,2484.0,2026-07-05,0.7977117369608336,1.825153740975141
top_hybrid_30,live_sunday,20:00,Sunday,low,19,19,19,0.7707505783711877,1.825153740975141,2485.0|2026-07-05,2485.0,2026-07-05,0.7977117369608336,1.825153740975141
top_hybrid_30,live_sunday,20:00,Sunday,low,19,19,19,0.7707505783711877,1.825153740975141,2486.0|2026-07-05,2486.0,2026-07-05,0.7977117369608336,1.825153740975141
top_hybrid_30,live_sunday,20:00,Sunday,low,19,19,19,0.7707505783711877,1.825153740975141,2487.0|2026-07-05,2487.0,2026-07-05,0.7977117369608336,1.825153740975141
top_hybrid_30,live_sunday,20:00,Sunday,low,19,19,19,0.7707505783711877,1.825153740975141,2489.0|2026-07-05,2489.0,2026-07-05,0.7977117369608336,1.825153740975141
top_hybrid_30,live_sunday,20:00,Sunday,low,19,19,19,0.7707505783711877,1.825153740975141,2495.0|2026-07-05,2495.0,2026-07-05,0.7977117369608336,1.825153740975141
top_hybrid_30,live_sunday,20:00,Sunday,low,19,19,19,0.7707505783711877,1.825153740975141,2496.0|2026-07-05,2496.0,2026-07-05,0.5811619404621998,0.8843870000895324
top_hybrid_30,live_sunday,20:00,Sunday,low,19,19,19,0.7707505783711877,1.825153740975141,2497.0|2026-07-05,2497.0,2026-07-05,0.7977117369608336,1.825153740975141
top_hybrid_30,live_sunday,20:00,Sunday,low,19,19,19,0.7707505783711877,1.825153740975141,2499.0|2026-07-05,2499.0,2026-07-05,0.7393022434788699,1.825153740975141
top_hybrid_30,live_sunday,20:00,Sunday,low,19,19,19,0.7707505783711877,1.825153740975141,2501.0|2026-07-05,2501.0,2026-07-05,0.7977117369608336,1.825153740975141
top_hybrid_30,live_sunday,20:00,Sunday,low,19,19,19,0.7707505783711877,1.825153740975141,2503.0|2026-07-05,2503.0,2026-07-05,0.7977117369608336,1.825153740975141
top_hybrid_30,live_sunday,20:00,Sunday,low,19,19,19,0.7707505783711877,1.825153740975141,369.0|2026-07-05,369.0,2026-07-05,0.7977117369608336,1.825153740975141
top_hybrid_30,live_sunday,20:00,Sunday,low,19,19,19,0.7707505783711877,1.825153740975141,371.0|2026-07-05,371.0,2026-07-05,0.7977117369608336,1.825153740975141
top_hybrid_30,live_sunday,EOD,Sunday,low,19,19,19,0.7635211250810808,2.1308351725755976,2474.0|2026-07-05,2474.0,2026-07-05,0.5901575873968035,2.1308351725755976
top_hybrid_30,live_sunday,EOD,Sunday,low,19,19,19,0.7635211250810808,2.1308351725755976,2476.0|2026-07-05,2476.0,2026-07-05,0.7869631898136825,2.1308351725755976
top_hybrid_30,live_sunday,EOD,Sunday,low,19,19,19,0.7635211250810808,2.1308351725755976,2477.0|2026-07-05,2477.0,2026-07-05,0.7869631898136825,2.1308351725755976
top_hybrid_30,live_sunday,EOD,Sunday,low,19,19,19,0.7635211250810808,2.1308351725755976,2478.0|2026-07-05,2478.0,2026-07-05,0.7869631898136825,2.1308351725755976
top_hybrid_30,live_sunday,EOD,Sunday,low,19,19,19,0.7635211250810808,2.1308351725755976,2482.0|2026-07-05,2482.0,2026-07-05,0.7869631898136825,2.1308351725755976
top_hybrid_30,live_sunday,EOD,Sunday,low,19,19,19,0.7635211250810808,2.1308351725755976,2483.0|2026-07-05,2483.0,2026-07-05,0.7869631898136825,2.1308351725755976
top_hybrid_30,live_sunday,EOD,Sunday,low,19,19,19,0.7635211250810808,2.1308351725755976,2484.0|2026-07-05,2484.0,2026-07-05,0.7869631898136825,2.1308351725755976
top_hybrid_30,live_sunday,EOD,Sunday,low,19,19,19,0.7635211250810808,2.1308351725755976,2485.0|2026-07-05,2485.0,2026-07-05,0.7869631898136825,2.1308351725755976
top_hybrid_30,live_sunday,EOD,Sunday,low,19,19,19,0.7635211250810808,2.1308351725755976,2486.0|2026-07-05,2486.0,2026-07-05,0.7869631898136825,2.1308351725755976
top_hybrid_30,live_sunday,EOD,Sunday,low,19,19,19,0.7635211250810808,2.1308351725755976,2487.0|2026-07-05,2487.0,2026-07-05,0.7869631898136825,2.1308351725755976
top_hybrid_30,live_sunday,EOD,Sunday,low,19,19,19,0.7635211250810808,2.1308351725755976,2489.0|2026-07-05,2489.0,2026-07-05,0.7869631898136825,2.1308351725755976
top_hybrid_30,live_sunday,EOD,Sunday,low,19,19,19,0.7635211250810808,2.1308351725755976,2495.0|2026-07-05,2495.0,2026-07-05,0.7869631898136825,2.1308351725755976
top_hybrid_30,live_sunday,EOD,Sunday,low,19,19,19,0.7635211250810808,2.1308351725755976,2496.0|2026-07-05,2496.0,2026-07-05,0.5901575873968035,0.8616968434652444
top_hybrid_30,live_sunday,EOD,Sunday,low,19,19,19,0.7635211250810808,2.1308351725755976,2497.0|2026-07-05,2497.0,2026-07-05,0.7869631898136825,2.1308351725755976
top_hybrid_30,live_sunday,EOD,Sunday,low,19,19,19,0.7635211250810808,2.1308351725755976,2499.0|2026-07-05,2499.0,2026-07-05,0.7292921229926335,2.1308351725755976
top_hybrid_30,live_sunday,EOD,Sunday,low,19,19,19,0.7635211250810808,2.1308351725755976,2501.0|2026-07-05,2501.0,2026-07-05,0.7869631898136825,2.1308351725755976
top_hybrid_30,live_sunday,EOD,Sunday,low,19,19,19,0.7635211250810808,2.1308351725755976,2503.0|2026-07-05,2503.0,2026-07-05,0.7869631898136825,2.1308351725755976
top_hybrid_30,live_sunday,EOD,Sunday,low,19,19,19,0.7635211250810808,2.1308351725755976,369.0|2026-07-05,369.0,2026-07-05,0.7869631898136825,2.1308351725755976
top_hybrid_30,live_sunday,EOD,Sunday,low,19,19,19,0.7635211250810808,2.1308351725755976,371.0|2026-07-05,371.0,2026-07-05,0.7869631898136825,2.1308351725755976
